,id,Geographic Area Name,%white,%black,Estimate!!Total,Estimate!!Total!!White alone,Estimate!!Total!!Black or African American alone
0,1500000US250250103002,"Block Group 2, Census Tract 103, Suffolk County, Massachusetts",0.7373965387509406,0.058439929771758214,3987,2940,233
1,1500000US250251704003,"Block Group 3, Census Tract 1704, Suffolk County, Massachusetts",0.7229268292682927,0.03609756097560975,1025,741,37
2,1500000US250251001004,"Block Group 4, Census Tract 1001, Suffolk County, Massachusetts",0.16573816155988857,0.6824512534818942,718,119,490
3,1500000US250251004003,"Block Group 3, Census Tract 1004, Suffolk County, Massachusetts",0.06064356435643564,0.5853960396039604,808,49,473
4,1500000US250250913002,"Block Group 2, Census Tract 913, Suffolk County, Massachusetts",0.11782477341389729,0.6616314199395771,1324,156,876
5,1500000US250251104034,"Block Group 4, Census Tract 1104.03, Suffolk County, Massachusetts",0.5917808219178082,0.13789954337899543,1095,648,151
6,1500000US250250511011,"Block Group 1, Census Tract 511.01, Suffolk County, Massachusetts",0.728311468472281,0.06559458315700381,2363,1721,155
7,1500000US250250919001,"Block Group 1, Census Tract 919, Suffolk County, Massachusetts",0.16552399608227228,0.6571988246816847,1021,169,671
8,1500000US250250509012,"Block Group 2, Census Tract 509.01, Suffolk County, Massachusetts",0.5342254246011323,0.005661348430262481,1943,1038,11
9,1500000US250250821003,"Block Group 3, Census Tract 821, Suffolk County, Massachusetts",0.11252653927813164,0.7065817409766454,2355,265,1664
10,1500000US250250607002,"Block Group 2, Census Tract 607, Suffolk County, Massachusetts",0.30261348005502064,0.30261348005502064,1454,440,440
11,1500000US250251003001,"Block Group 1, Census Tract 1003, Suffolk County, Massachusetts",0.009302325581395349,0.8604651162790697,1505,14,1295
12,1500000US250251010023,"Block Group 3, Census Tract 1010.02, Suffolk County, Massachusetts",0.042786823173040514,0.859522907989398,2641,113,2270
13,1500000US250250008023,"Block Group 3, Census Tract 8.02, Suffolk County, Massachusetts",0.4157754010695187,0.012032085561497326,748,311,9
14,1500000US250250004021,"Block Group 1, Census Tract 4.02, Suffolk County, Massachusetts",0.776778413736713,0.04987735077677841,1223,950,61
15,1500000US250251001007,"Block Group 7, Census Tract 1001, Suffolk County, Massachusetts",0.16288659793814433,0.797938144329897,970,158,774
16,1500000US250251106072,"Block Group 2, Census Tract 1106.07, Suffolk County, Massachusetts",0.8997050147492626,0.08967551622418879,1695,1525,152
17,1500000US250250821002,"Block Group 2, Census Tract 821, Suffolk County, Massachusetts",0.03161141094834233,0.6376252891287587,2594,82,1654
18,1500000US250251304025,"Block Group 5, Census Tract 1304.02, Suffolk County, Massachusetts",0.6246472248353716,0.0,1063,664,0
19,1500000US250259811002,"Block Group 2, Census Tract 9811, Suffolk County, Massachusetts",,,0,0,0
20,1500000US250251010012,"Block Group 2, Census Tract 1010.01, Suffolk County, Massachusetts",0.044854881266490766,0.8970976253298153,379,17,340
21,1500000US250250612003,"Block Group 3, Census Tract 612, Suffolk County, Massachusetts",0.9675881792183031,0.0009532888465204957,1049,1015,1
22,1500000US250250107013,"Block Group 3, Census Tract 107.01, Suffolk County, Massachusetts",0.8509687034277198,0.01639344262295082,671,571,11
23,1500000US250251707023,"Block Group 3, Census Tract 1707.02, Suffolk County, Massachusetts",0.6528345996493279,0.06253652834599649,1711,1117,107
24,1500000US250250922002,"Block Group 2, Census Tract 922, Suffolk County, Massachusetts",0.22626931567328917,0.6059602649006622,906,205,549
25,1500000US250251304062,"Block Group 2, Census Tract 1304.06, Suffolk County, Massachusetts",0.49510831586303283,0.36792452830188677,2862,1417,1053
26,1500000US250250002022,"Block Group 2, Census Tract 2.02, Suffolk County, Massachusetts",0.8359293873312564,0.03946002076843198,963,805,38
27,1500000US250251001003,"Block Group 3, Census Tract 1001, Suffolk County, Massachusetts",0.08198757763975155,0.8888198757763975,1610,132,1431
28,1500000US250259807001,"Block Group 1, Census Tract 9807, Suffolk County, Massachusetts",,,0,0,0
29,1500000US250250705001,"Block Group 1, Census Tract 705, Suffolk County, Massachusetts",0.8428940568475453,0.008268733850129198,1935,1631,16
30,1500000US250251705022,"Block Group 2, Census Tract 1705.02, Suffolk County, Massachusetts",0.8330275229357799,0.020795107033639144,1635,1362,34
31,1500000US250251303005,"Block Group 5, Census Tract 1303, Suffolk County, Massachusetts",0.9921671018276762,0.0,766,760,0
32,1500000US250250707002,"Block Group 2, Census Tract 707, Suffolk County, Massachusetts",0.6099865047233468,0.2213225371120108,1482,904,328
33,1500000US250250918003,"Block Group 3, Census Tract 918, Suffolk County, Massachusetts",0.05982905982905983,0.813034188034188,936,56,761
34,1500000US250251304041,"Block Group 1, Census Tract 1304.04, Suffolk County, Massachusetts",0.6487050960735171,0.189640768588137,2394,1553,454
35,1500000US250259816001,"Block Group 1, Census Tract 9816, Suffolk County, Massachusetts",,,0,0,0
36,1500000US250250701014,"Block Group 4, Census Tract 701.01, Suffolk County, Massachusetts",0.7426744805540757,0.02823654768247203,1877,1394,53
37,1500000US250250805002,"Block Group 2, Census Tract 805, Suffolk County, Massachusetts",0.1779781680113906,0.4641670621737067,2107,375,978
38,1500000US250251603002,"Block Group 2, Census Tract 1603, Suffolk County, Massachusetts",0.5252100840336135,0.12885154061624648,714,375,92
39,1500000US250250108023,"Block Group 3, Census Tract 108.02, Suffolk County, Massachusetts",0.9272445820433437,0.0,646,599,0
40,1500000US250250005044,"Block Group 4, Census Tract 5.04, Suffolk County, Massachusetts",0.80970625798212,0.07790549169859515,783,634,61
41,1500000US250250007043,"Block Group 3, Census Tract 7.04, Suffolk County, Massachusetts",0.6142625607779578,0.012965964343598054,1234,758,16
42,1500000US250251003003,"Block Group 3, Census Tract 1003, Suffolk County, Massachusetts",0.0,0.7001223990208079,817,0,572
43,1500000US250250607001,"Block Group 1, Census Tract 607, Suffolk County, Massachusetts",0.18776916451335057,0.4599483204134367,1161,218,534
44,1500000US250250906001,"Block Group 1, Census Tract 906, Suffolk County, Massachusetts",0.18329070758738278,0.6155157715260017,1173,215,722
45,1500000US250250601014,"Block Group 4, Census Tract 601.01, Suffolk County, Massachusetts",0.88671875,0.04296875,768,681,33
46,1500000US250250820001,"Block Group 1, Census Tract 820, Suffolk County, Massachusetts",0.196405648267009,0.7471116816431322,1558,306,1164
47,1500000US250250923001,"Block Group 1, Census Tract 923, Suffolk County, Massachusetts",0.16990920881971466,0.7380025940337225,771,131,569
48,1500000US250250507002,"Block Group 2, Census Tract 507, Suffolk County, Massachusetts",0.5544492843808339,0.03484754200373367,1607,891,56
49,1500000US250250701012,"Block Group 2, Census Tract 701.01, Suffolk County, Massachusetts",0.3834355828220859,0.07515337423312883,652,250,49
50,1500000US250251706012,"Block Group 2, Census Tract 1706.01, Suffolk County, Massachusetts",0.8364591147786947,0.0,1333,1115,0
51,1500000US250250610003,"Block Group 3, Census Tract 610, Suffolk County, Massachusetts",0.6283783783783784,0.13851351351351351,592,372,82
52,1500000US250250911002,"Block Group 2, Census Tract 911, Suffolk County, Massachusetts",0.7204081632653061,0.06326530612244897,980,706,62
53,1500000US250251202012,"Block Group 2, Census Tract 1202.01, Suffolk County, Massachusetts",0.6908284023668639,0.07593688362919132,2028,1401,154
54,1500000US250250304002,"Block Group 2, Census Tract 304, Suffolk County, Massachusetts",0.9534671532846716,0.009124087591240875,1096,1045,10
55,1500000US250250812002,"Block Group 2, Census Tract 812, Suffolk County, Massachusetts",0.5101611772950245,0.09110021023125438,1427,728,130
56,1500000US250251008005,"Block Group 5, Census Tract 1008, Suffolk County, Massachusetts",0.7895277207392197,0.14271047227926079,974,769,139
57,1500000US250251601014,"Block Group 4, Census Tract 1601.01, Suffolk County, Massachusetts",0.4550979068197164,0.02025658338960162,1481,674,30
58,1500000US250251605023,"Block Group 3, Census Tract 1605.02, Suffolk County, Massachusetts",0.44528301886792454,0.14264150943396225,1325,590,189
59,1500000US250251703002,"Block Group 2, Census Tract 1703, Suffolk County, Massachusetts",0.8374864572047671,0.12892741061755147,923,773,119
60,1500000US250251005003,"Block Group 3, Census Tract 1005, Suffolk County, Massachusetts",0.36573208722741435,0.4803738317757009,1605,587,771
61,1500000US250250102033,"Block Group 3, Census Tract 102.03, Suffolk County, Massachusetts",0.5733333333333334,0.04,1650,946,66
62,1500000US250250510003,"Block Group 3, Census Tract 510, Suffolk County, Massachusetts",0.687743950039032,0.0,1281,881,0
63,1500000US250251702001,"Block Group 1, Census Tract 1702, Suffolk County, Massachusetts",0.8355196770938446,0.0,991,828,0
64,1500000US250250922001,"Block Group 1, Census Tract 922, Suffolk County, Massachusetts",0.314709236031927,0.2782212086659065,877,276,244
65,1500000US250250901004,"Block Group 4, Census Tract 901, Suffolk County, Massachusetts",0.02019315188762072,0.6769095697980685,1139,23,771
66,1500000US250250511012,"Block Group 2, Census Tract 511.01, Suffolk County, Massachusetts",0.5243714725500257,0.01693175987685993,1949,1022,33
67,1500000US250250920003,"Block Group 3, Census Tract 920, Suffolk County, Massachusetts",0.35333333333333333,0.5866666666666667,900,318,528
68,1500000US250251006011,"Block Group 1, Census Tract 1006.01, Suffolk County, Massachusetts",0.4248578391551584,0.15759545085296506,1231,523,194
69,1500000US250250817003,"Block Group 3, Census Tract 817, Suffolk County, Massachusetts",0.06875753920386007,0.7044632086851629,829,57,584
70,1500000US250251803013,"Block Group 3, Census Tract 1803.01, Suffolk County, Massachusetts",0.9832962138084632,0.0,898,883,0
71,1500000US250250104032,"Block Group 2, Census Tract 104.03, Suffolk County, Massachusetts",0.7234762979683973,0.034988713318284424,886,641,31
72,1500000US250251004001,"Block Group 1, Census Tract 1004, Suffolk County, Massachusetts",0.2006153846153846,0.4763076923076923,1625,326,774
73,1500000US250251707024,"Block Group 4, Census Tract 1707.02, Suffolk County, Massachusetts",0.6370420624151968,0.0,1474,939,0
74,1500000US250250808012,"Block Group 2, Census Tract 808.01, Suffolk County, Massachusetts",0.2857142857142857,0.3359073359073359,1813,518,609
75,1500000US250251701002,"Block Group 2, Census Tract 1701, Suffolk County, Massachusetts",0.8319327731092437,0.16806722689075632,1309,1089,220
76,1500000US250251201052,"Block Group 2, Census Tract 1201.05, Suffolk County, Massachusetts",0.8853383458646616,0.06109022556390977,1064,942,65
77,1500000US250250709002,"Block Group 2, Census Tract 709, Suffolk County, Massachusetts",0.2777212614445575,0.5340793489318413,983,273,525
78,1500000US250251404006,"Block Group 6, Census Tract 1404, Suffolk County, Massachusetts",0.17176186645213193,0.7449718423169751,2486,427,1852
79,1500000US250250907004,"Block Group 4, Census Tract 907, Suffolk County, Massachusetts",0.9698681732580038,0.0,531,515,0
80,1500000US250251303003,"Block Group 3, Census Tract 1303, Suffolk County, Massachusetts",0.9624413145539906,0.03755868544600939,639,615,24
81,1500000US250250509011,"Block Group 1, Census Tract 509.01, Suffolk County, Massachusetts",0.6138888888888889,0.0,1440,884,0
82,1500000US250250602001,"Block Group 1, Census Tract 602, Suffolk County, Massachusetts",0.9877232142857143,0.0011160714285714285,896,885,1
83,1500000US250250819002,"Block Group 2, Census Tract 819, Suffolk County, Massachusetts",0.13530135301353013,0.7601476014760148,813,110,618
84,1500000US250251001006,"Block Group 6, Census Tract 1001, Suffolk County, Massachusetts",0.18299805321219986,0.6625567813108372,1541,282,1021
85,1500000US250250107023,"Block Group 3, Census Tract 107.02, Suffolk County, Massachusetts",0.9293023255813954,0.020465116279069766,1075,999,22
86,1500000US250250301002,"Block Group 2, Census Tract 301, Suffolk County, Massachusetts",0.9587628865979382,0.0,970,930,0
87,1500000US250250006012,"Block Group 2, Census Tract 6.01, Suffolk County, Massachusetts",0.6413570274636511,0.035541195476575124,1238,794,44
88,1500000US250250503001,"Block Group 1, Census Tract 503, Suffolk County, Massachusetts",0.6780923994038748,0.05514157973174367,671,455,37
89,1500000US250250915002,"Block Group 2, Census Tract 915, Suffolk County, Massachusetts",0.04838709677419355,0.6753381893860562,1922,93,1298
90,1500000US250251105022,"Block Group 2, Census Tract 1105.02, Suffolk County, Massachusetts",0.6705346042271032,0.1819312059676751,2413,1618,439
91,1500000US250251105013,"Block Group 3, Census Tract 1105.01, Suffolk County, Massachusetts",0.7878228782287823,0.03136531365313653,1084,854,34
92,1500000US250250701018,"Block Group 8, Census Tract 701.01, Suffolk County, Massachusetts",0.8595238095238096,0.047619047619047616,420,361,20
93,1500000US250251604002,"Block Group 2, Census Tract 1604, Suffolk County, Massachusetts",0.4168922577152139,0.1580942068218733,1847,770,292
94,1500000US250250712011,"Block Group 1, Census Tract 712.01, Suffolk County, Massachusetts",0.6679389312977099,0.08206106870229007,2096,1400,172
95,1500000US250250501011,"Block Group 1, Census Tract 501.01, Suffolk County, Massachusetts",0.6031307550644567,0.018876611418047883,2172,1310,41
96,1500000US250250904002,"Block Group 2, Census Tract 904, Suffolk County, Massachusetts",0.06521739130434782,0.6439613526570048,2070,135,1333
97,1500000US250250817002,"Block Group 2, Census Tract 817, Suffolk County, Massachusetts",0.06089309878213803,0.7997293640054127,739,45,591
98,1500000US250250605015,"Block Group 5, Census Tract 605.01, Suffolk County, Massachusetts",0.9007220216606499,0.0,554,499,0
99,1500000US250251005001,"Block Group 1, Census Tract 1005, Suffolk County, Massachusetts",0.0881542699724518,0.5252525252525253,1089,96,572
100,1500000US250251009002,"Block Group 2, Census Tract 1009, Suffolk County, Massachusetts",0.28115015974440893,0.5063897763578274,626,176,317
101,1500000US250251304061,"Block Group 1, Census Tract 1304.06, Suffolk County, Massachusetts",0.18394764037202893,0.6985876679297278,2903,534,2028
102,1500000US250250102043,"Block Group 3, Census Tract 102.04, Suffolk County, Massachusetts",0.5097799511002445,0.039119804400977995,818,417,32
103,1500000US250251404002,"Block Group 2, Census Tract 1404, Suffolk County, Massachusetts",0.022263450834879406,0.9536178107606679,1078,24,1028
104,1500000US250251401021,"Block Group 1, Census Tract 1401.02, Suffolk County, Massachusetts",0.2961023851076207,0.5881326352530541,1719,509,1011
105,1500000US250251006014,"Block Group 4, Census Tract 1006.01, Suffolk County, Massachusetts",0.3843334860284013,0.3156207054512139,2183,839,689
106,1500000US250250917003,"Block Group 3, Census Tract 917, Suffolk County, Massachusetts",0.09475218658892129,0.641399416909621,686,65,440
107,1500000US250250104053,"Block Group 3, Census Tract 104.05, Suffolk County, Massachusetts",0.41013824884792627,0.19047619047619047,651,267,124
108,1500000US250251701001,"Block Group 1, Census Tract 1701, Suffolk County, Massachusetts",0.8509114583333334,0.06966145833333333,1536,1307,107
109,1500000US250250810014,"Block Group 4, Census Tract 810.01, Suffolk County, Massachusetts",0.5589155370177268,0.1845672575599583,959,536,177
110,1500000US250251204001,"Block Group 1, Census Tract 1204, Suffolk County, Massachusetts",0.6689560439560439,0.11538461538461539,728,487,84
111,1500000US250250202002,"Block Group 2, Census Tract 202, Suffolk County, Massachusetts",0.8404634581105169,0.03208556149732621,1122,943,36
112,1500000US250250503002,"Block Group 2, Census Tract 503, Suffolk County, Massachusetts",0.5799890049477735,0.15228147333699835,1819,1055,277
113,1500000US250250506002,"Block Group 2, Census Tract 506, Suffolk County, Massachusetts",0.5497032640949555,0.1172106824925816,1348,741,158
114,1500000US250250819004,"Block Group 4, Census Tract 819, Suffolk County, Massachusetts",0.1696969696969697,0.5353535353535354,990,168,530
115,1500000US250259813002,"Block Group 2, Census Tract 9813, Suffolk County, Massachusetts",0.8725,0.035,400,349,14
116,1500000US250250108012,"Block Group 2, Census Tract 108.01, Suffolk County, Massachusetts",0.9711033274956217,0.01138353765323993,1142,1109,13
117,1500000US250250605012,"Block Group 2, Census Tract 605.01, Suffolk County, Massachusetts",0.9057406094968108,0.01913536498936924,1411,1278,27
118,1500000US250251707021,"Block Group 1, Census Tract 1707.02, Suffolk County, Massachusetts",0.5948795180722891,0.22740963855421686,664,395,151
119,1500000US250251801013,"Block Group 3, Census Tract 1801.01, Suffolk County, Massachusetts",0.9092093831450913,0.02432667245873154,2302,2093,56
120,1500000US250251303004,"Block Group 4, Census Tract 1303, Suffolk County, Massachusetts",0.7001499250374813,0.0239880059970015,1334,934,32
121,1500000US250250813001,"Block Group 1, Census Tract 813, Suffolk County, Massachusetts",0.23333333333333334,0.29791666666666666,1920,448,572
122,1500000US250251101035,"Block Group 5, Census Tract 1101.03, Suffolk County, Massachusetts",0.6859504132231405,0.09779614325068871,1452,996,142
123,1500000US250251401022,"Block Group 2, Census Tract 1401.02, Suffolk County, Massachusetts",0.5711368277739959,0.34513274336283184,1469,839,507
124,1500000US250250817001,"Block Group 1, Census Tract 817, Suffolk County, Massachusetts",0.026373626373626374,0.9120879120879121,455,12,415
125,1500000US250250005032,"Block Group 2, Census Tract 5.03, Suffolk County, Massachusetts",0.7744360902255639,0.02556390977443609,1330,1030,34
126,1500000US250250203032,"Block Group 2, Census Tract 203.03, Suffolk County, Massachusetts",0.6420101637492942,0.17165443252399773,1771,1137,304
127,1500000US250250903002,"Block Group 2, Census Tract 903, Suffolk County, Massachusetts",0.24393203883495146,0.5066747572815534,1648,402,835
128,1500000US250251803012,"Block Group 2, Census Tract 1803.01, Suffolk County, Massachusetts",0.9757281553398058,0.0,824,804,0
129,1500000US250251802001,"Block Group 1, Census Tract 1802, Suffolk County, Massachusetts",0.8319702602230483,0.010408921933085501,1345,1119,14
130,1500000US250250703004,"Block Group 4, Census Tract 703, Suffolk County, Massachusetts",0.7323549965059399,0.033542976939203356,1431,1048,48
131,1500000US250251802002,"Block Group 2, Census Tract 1802, Suffolk County, Massachusetts",1.0,0.0,691,691,0
132,1500000US250251205003,"Block Group 3, Census Tract 1205, Suffolk County, Massachusetts",0.45649432534678436,0.23076923076923078,793,362,183
133,1500000US250250801001,"Block Group 1, Census Tract 801, Suffolk County, Massachusetts",0.23248882265275708,0.4654744162940884,2013,468,937
134,1500000US250251007005,"Block Group 5, Census Tract 1007, Suffolk County, Massachusetts",0.9850467289719627,0.0,535,527,0
135,1500000US250259815011,"Block Group 1, Census Tract 9815.01, Suffolk County, Massachusetts",,,0,0,0
136,1500000US250250702003,"Block Group 3, Census Tract 702, Suffolk County, Massachusetts",0.5983276556209353,0.013936203158872717,3229,1932,45
137,1500000US250250804012,"Block Group 2, Census Tract 804.01, Suffolk County, Massachusetts",0.1584445734184562,0.4248403946604759,1723,273,732
138,1500000US250250003021,"Block Group 1, Census Tract 3.02, Suffolk County, Massachusetts",0.6695986805937328,0.0863111599780099,1819,1218,157
139,1500000US250250923002,"Block Group 2, Census Tract 923, Suffolk County, Massachusetts",0.2286158631415241,0.6796267496111975,643,147,437
140,1500000US250251402022,"Block Group 2, Census Tract 1402.02, Suffolk County, Massachusetts",0.20884235020360675,0.5055264688772542,1719,359,869
141,1500000US250251403005,"Block Group 5, Census Tract 1403, Suffolk County, Massachusetts",0.25526137135098437,0.5295315682281059,1473,376,780
142,1500000US250251707022,"Block Group 2, Census Tract 1707.02, Suffolk County, Massachusetts",0.6652267818574514,0.0755939524838013,926,616,70
143,1500000US250251402023,"Block Group 3, Census Tract 1402.02, Suffolk County, Massachusetts",0.45965951147298295,0.22723908216136196,1351,621,307
144,1500000US250250919004,"Block Group 4, Census Tract 919, Suffolk County, Massachusetts",0.05654761904761905,0.8883928571428571,672,38,597
145,1500000US250250005041,"Block Group 1, Census Tract 5.04, Suffolk County, Massachusetts",0.5553935860058309,0.028425655976676383,1372,762,39
146,1500000US250250101043,"Block Group 3, Census Tract 101.04, Suffolk County, Massachusetts",0.6529756915339481,0.010058675607711651,1193,779,12
147,1500000US250250904004,"Block Group 4, Census Tract 904, Suffolk County, Massachusetts",0.03076923076923077,0.6887573964497041,845,26,582
148,1500000US250251702003,"Block Group 3, Census Tract 1702, Suffolk County, Massachusetts",0.6798748696558915,0.08967674661105318,959,652,86
149,1500000US250250901005,"Block Group 5, Census Tract 901, Suffolk County, Massachusetts",0.03917301414581066,0.8933623503808488,919,36,821
150,1500000US250251403004,"Block Group 4, Census Tract 1403, Suffolk County, Massachusetts",0.24315443592552027,0.6736035049288062,913,222,615
151,1500000US250250108022,"Block Group 2, Census Tract 108.02, Suffolk County, Massachusetts",0.9029264810849393,0.004996431120628123,1401,1265,7
152,1500000US250250404012,"Block Group 2, Census Tract 404.01, Suffolk County, Massachusetts",0.8195937873357229,0.03225806451612903,837,686,27
153,1500000US250250504002,"Block Group 2, Census Tract 504, Suffolk County, Massachusetts",0.8061740890688259,0.01568825910931174,1976,1593,31
154,1500000US250250904003,"Block Group 3, Census Tract 904, Suffolk County, Massachusetts",0.05717054263565891,0.7141472868217055,1032,59,737
155,1500000US250251009004,"Block Group 4, Census Tract 1009, Suffolk County, Massachusetts",0.0,0.9459459459459459,518,0,490
156,1500000US250250510002,"Block Group 2, Census Tract 510, Suffolk County, Massachusetts",0.5490533562822719,0.03700516351118761,1162,638,43
157,1500000US250251105011,"Block Group 1, Census Tract 1105.01, Suffolk County, Massachusetts",0.8032388663967611,0.0008097165991902834,1235,992,1
158,1500000US250251011011,"Block Group 1, Census Tract 1011.01, Suffolk County, Massachusetts",0.0275049115913556,0.7917485265225933,1018,28,806
159,1500000US250250817005,"Block Group 5, Census Tract 817, Suffolk County, Massachusetts",0.16351684470008218,0.5603944124897289,1217,199,682
160,1500000US250251604001,"Block Group 1, Census Tract 1604, Suffolk County, Massachusetts",0.5135531135531135,0.027106227106227107,1365,701,37
161,1500000US250250706002,"Block Group 2, Census Tract 706, Suffolk County, Massachusetts",0.819880418535127,0.09566517189835576,1338,1097,128
162,1500000US250251606012,"Block Group 2, Census Tract 1606.01, Suffolk County, Massachusetts",0.5515714918105357,0.10092961487383798,2259,1246,228
163,1500000US250251605012,"Block Group 2, Census Tract 1605.01, Suffolk County, Massachusetts",0.6424870466321243,0.07901554404145078,772,496,61
164,1500000US250250007042,"Block Group 2, Census Tract 7.04, Suffolk County, Massachusetts",0.5462287104622872,0.040145985401459854,822,449,33
165,1500000US250250002012,"Block Group 2, Census Tract 2.01, Suffolk County, Massachusetts",0.8586466165413534,0.0,665,571,0
166,1500000US250251008002,"Block Group 2, Census Tract 1008, Suffolk County, Massachusetts",0.6196213425129088,0.14371772805507746,1162,720,167
167,1500000US250250712012,"Block Group 2, Census Tract 712.01, Suffolk County, Massachusetts",0.2442002442002442,0.33882783882783885,1638,400,555
168,1500000US250251101036,"Block Group 6, Census Tract 1101.03, Suffolk County, Massachusetts",0.9242979242979243,0.05616605616605617,819,757,46
169,1500000US250250401002,"Block Group 2, Census Tract 401, Suffolk County, Massachusetts",0.9838483146067416,0.0,1424,1401,0
170,1500000US250251708003,"Block Group 3, Census Tract 1708, Suffolk County, Massachusetts",0.9990645463049579,0.0,1069,1068,0
171,1500000US250250108021,"Block Group 1, Census Tract 108.02, Suffolk County, Massachusetts",0.8526912181303116,0.009442870632672332,1059,903,10
172,1500000US250250907002,"Block Group 2, Census Tract 907, Suffolk County, Massachusetts",0.7989601386481803,0.03986135181975736,1154,922,46
173,1500000US250250920002,"Block Group 2, Census Tract 920, Suffolk County, Massachusetts",0.14874436574372182,0.6188023180940115,1553,231,961
174,1500000US250250003011,"Block Group 1, Census Tract 3.01, Suffolk County, Massachusetts",0.6561014263074485,0.12519809825673534,631,414,79
175,1500000US250250007041,"Block Group 1, Census Tract 7.04, Suffolk County, Massachusetts",0.6282932416953035,0.05326460481099656,1746,1097,93
176,1500000US250250915003,"Block Group 3, Census Tract 915, Suffolk County, Massachusetts",0.12937347436940602,0.4467046379170057,1229,159,549
177,1500000US250250104052,"Block Group 2, Census Tract 104.05, Suffolk County, Massachusetts",0.6551724137931034,0.10474137931034483,2320,1520,243
178,1500000US250250916003,"Block Group 3, Census Tract 916, Suffolk County, Massachusetts",0.1994949494949495,0.12121212121212122,396,79,48
179,1500000US250251401024,"Block Group 4, Census Tract 1401.02, Suffolk County, Massachusetts",0.31688672689367614,0.5385684503127172,1439,456,775
180,1500000US250251606021,"Block Group 1, Census Tract 1606.02, Suffolk County, Massachusetts",0.49104385423100677,0.1439159975293391,1619,795,233
181,1500000US250250912003,"Block Group 3, Census Tract 912, Suffolk County, Massachusetts",0.5306748466257669,0.3604294478527607,652,346,235
182,1500000US250250806012,"Block Group 2, Census Tract 806.01, Suffolk County, Massachusetts",0.17391304347826086,0.6698369565217391,736,128,493
183,1500000US250251011012,"Block Group 2, Census Tract 1011.01, Suffolk County, Massachusetts",0.007795889440113395,0.9546420978029766,1411,11,1347
184,1500000US250250606001,"Block Group 1, Census Tract 606, Suffolk County, Massachusetts",0.8423087544877106,0.02927368130350732,3621,3050,106
185,1500000US250251302003,"Block Group 3, Census Tract 1302, Suffolk County, Massachusetts",0.8794191919191919,0.03156565656565657,1584,1393,50
186,1500000US250250702002,"Block Group 2, Census Tract 702, Suffolk County, Massachusetts",0.0,0.13214285714285715,1120,0,148
187,1500000US250251201053,"Block Group 3, Census Tract 1201.05, Suffolk County, Massachusetts",0.926,0.042,500,463,21
188,1500000US250250107022,"Block Group 2, Census Tract 107.02, Suffolk County, Massachusetts",0.8552971576227391,0.012919896640826873,774,662,10
189,1500000US250250711012,"Block Group 2, Census Tract 711.01, Suffolk County, Massachusetts",0.6288109756097561,0.09375,1312,825,123
190,1500000US250250922003,"Block Group 3, Census Tract 922, Suffolk County, Massachusetts",0.2900232018561485,0.5290023201856149,862,250,456
191,1500000US250250923003,"Block Group 3, Census Tract 923, Suffolk County, Massachusetts",0.09808102345415778,0.9019189765458422,1407,138,1269
192,1500000US250250406001,"Block Group 1, Census Tract 406, Suffolk County, Massachusetts",0.7901821060965954,0.12351543942992874,1263,998,156
193,1500000US250250706001,"Block Group 1, Census Tract 706, Suffolk County, Massachusetts",0.8574938574938575,0.001638001638001638,1221,1047,2
194,1500000US250251703007,"Block Group 7, Census Tract 1703, Suffolk County, Massachusetts",1.0,0.0,605,605,0
195,1500000US250250703002,"Block Group 2, Census Tract 703, Suffolk County, Massachusetts",0.8917647058823529,0.0,850,758,0
196,1500000US250250906002,"Block Group 2, Census Tract 906, Suffolk County, Massachusetts",0.05960729312762973,0.7215988779803647,1426,85,1029
197,1500000US250250004014,"Block Group 4, Census Tract 4.01, Suffolk County, Massachusetts",0.5932802829354553,0.026083112290008842,2262,1342,59
198,1500000US250251011024,"Block Group 4, Census Tract 1011.02, Suffolk County, Massachusetts",0.0654627539503386,0.8126410835214447,1329,87,1080
199,1500000US250251705011,"Block Group 1, Census Tract 1705.01, Suffolk County, Massachusetts",0.7793487574978577,0.03513281919451585,2334,1819,82
200,1500000US250250003022,"Block Group 2, Census Tract 3.02, Suffolk County, Massachusetts",0.656969696969697,0.12181818181818181,1650,1084,201
201,1500000US250250102032,"Block Group 2, Census Tract 102.03, Suffolk County, Massachusetts",0.5790424570912376,0.023938572719060525,2214,1282,53
202,1500000US250250002024,"Block Group 4, Census Tract 2.02, Suffolk County, Massachusetts",0.21405405405405406,0.12756756756756757,925,198,118
203,1500000US250251010022,"Block Group 2, Census Tract 1010.02, Suffolk County, Massachusetts",0.10116229014205769,0.8476108480413259,2323,235,1969
204,1500000US250251011023,"Block Group 3, Census Tract 1011.02, Suffolk County, Massachusetts",0.09280575539568345,0.8633093525179856,1390,129,1200
205,1500000US250251304042,"Block Group 2, Census Tract 1304.04, Suffolk County, Massachusetts",0.8333333333333334,0.06111111111111111,720,600,44
206,1500000US250250912001,"Block Group 1, Census Tract 912, Suffolk County, Massachusetts",0.27680965147453085,0.2540214477211796,1492,413,379
207,1500000US250250406002,"Block Group 2, Census Tract 406, Suffolk County, Massachusetts",0.9466666666666667,0.0,1800,1704,0
208,1500000US250250511013,"Block Group 3, Census Tract 511.01, Suffolk County, Massachusetts",0.6755092373282804,0.0,2111,1426,0
209,1500000US250250605011,"Block Group 1, Census Tract 605.01, Suffolk County, Massachusetts",0.9662676822633297,0.0,919,888,0
210,1500000US250251301006,"Block Group 6, Census Tract 1301, Suffolk County, Massachusetts",0.7256944444444444,0.04861111111111111,288,209,14
211,1500000US250251301002,"Block Group 2, Census Tract 1301, Suffolk County, Massachusetts",0.5081536033666492,0.03682272488164124,1901,966,70
212,1500000US250251203013,"Block Group 3, Census Tract 1203.01, Suffolk County, Massachusetts",0.6470588235294118,0.23591331269349844,1615,1045,381
213,1500000US250251205002,"Block Group 2, Census Tract 1205, Suffolk County, Massachusetts",0.5464646464646464,0.0898989898989899,990,541,89
214,1500000US250250820002,"Block Group 2, Census Tract 820, Suffolk County, Massachusetts",0.0,0.9325626204238922,519,0,484
215,1500000US250251202013,"Block Group 3, Census Tract 1202.01, Suffolk County, Massachusetts",0.6066536203522505,0.1487279843444227,511,310,76
216,1500000US250250911001,"Block Group 1, Census Tract 911, Suffolk County, Massachusetts",0.6291739894551845,0.07498535442296426,1707,1074,128
217,1500000US250251404005,"Block Group 5, Census Tract 1404, Suffolk County, Massachusetts",0.07136105860113422,0.8813799621928167,2116,151,1865
218,1500000US250250003012,"Block Group 2, Census Tract 3.01, Suffolk County, Massachusetts",0.8567961165048543,0.055825242718446605,824,706,46
219,1500000US250250803001,"Block Group 1, Census Tract 803, Suffolk County, Massachusetts",0.09238870272857827,0.6945907132599329,2089,193,1451
220,1500000US250251401061,"Block Group 1, Census Tract 1401.06, Suffolk County, Massachusetts",0.30996309963099633,0.44501845018450187,1355,420,603
221,1500000US250251201042,"Block Group 2, Census Tract 1201.04, Suffolk County, Massachusetts",0.5295857988165681,0.1997041420118343,676,358,135
222,1500000US250251703006,"Block Group 6, Census Tract 1703, Suffolk County, Massachusetts",0.9049198452183527,0.02211166390270868,1809,1637,40
223,1500000US250251004004,"Block Group 4, Census Tract 1004, Suffolk County, Massachusetts",0.06161616161616162,0.7823232323232323,1980,122,1549
224,1500000US250250507001,"Block Group 1, Census Tract 507, Suffolk County, Massachusetts",0.45290423861852436,0.0,2548,1154,0
225,1500000US250250004011,"Block Group 1, Census Tract 4.01, Suffolk County, Massachusetts",0.8586497890295358,0.01617440225035162,1422,1221,23
226,1500000US250250102034,"Block Group 4, Census Tract 102.03, Suffolk County, Massachusetts",0.9282608695652174,0.0,460,427,0
227,1500000US250250201014,"Block Group 4, Census Tract 201.01, Suffolk County, Massachusetts",0.9542124542124543,0.013431013431013432,1638,1563,22
228,1500000US250251701005,"Block Group 5, Census Tract 1701, Suffolk County, Massachusetts",0.7087301587301588,0.13174603174603175,1260,893,166
229,1500000US250250603012,"Block Group 2, Census Tract 603.01, Suffolk County, Massachusetts",1.0,0.0,871,871,0
230,1500000US250250402001,"Block Group 1, Census Tract 402, Suffolk County, Massachusetts",0.2663802363050483,0.46294307196562834,931,248,431
231,1500000US250250007013,"Block Group 3, Census Tract 7.01, Suffolk County, Massachusetts",0.5922953451043339,0.26484751203852325,623,369,165
232,1500000US250250903001,"Block Group 1, Census Tract 903, Suffolk County, Massachusetts",0.0530565167243368,0.8085351787773933,867,46,701
233,1500000US250250903003,"Block Group 3, Census Tract 903, Suffolk County, Massachusetts",0.0020964360587002098,0.9475890985324947,954,2,904
234,1500000US250251701003,"Block Group 3, Census Tract 1701, Suffolk County, Massachusetts",0.8335343787696019,0.024125452352231604,829,691,20
235,1500000US250250821001,"Block Group 1, Census Tract 821, Suffolk County, Massachusetts",0.14232209737827714,0.352059925093633,801,114,282
236,1500000US250250002014,"Block Group 4, Census Tract 2.01, Suffolk County, Massachusetts",0.6356877323420075,0.16728624535315986,807,513,135
237,1500000US250250810011,"Block Group 1, Census Tract 810.01, Suffolk County, Massachusetts",0.1588502269288956,0.08774583963691376,661,105,58
238,1500000US250250403003,"Block Group 3, Census Tract 403, Suffolk County, Massachusetts",0.9179229480737019,0.0,597,548,0
239,1500000US250250910011,"Block Group 1, Census Tract 910.01, Suffolk County, Massachusetts",0.15352260778128285,0.19137749737118823,951,146,182
240,1500000US250250101032,"Block Group 2, Census Tract 101.03, Suffolk County, Massachusetts",0.4899912967798085,0.06179286335944299,1149,563,71
241,1500000US250251707012,"Block Group 2, Census Tract 1707.01, Suffolk County, Massachusetts",0.7155234657039711,0.02888086642599278,1385,991,40
242,1500000US250250704021,"Block Group 1, Census Tract 704.02, Suffolk County, Massachusetts",0.34361968306922436,0.12260216847372811,2398,824,294
243,1500000US250251606025,"Block Group 5, Census Tract 1606.02, Suffolk County, Massachusetts",0.44324324324324327,0.15855855855855855,1110,492,176
244,1500000US250250402002,"Block Group 2, Census Tract 402, Suffolk County, Massachusetts",0.9171917191719172,0.0,1111,1019,0
245,1500000US250250008024,"Block Group 4, Census Tract 8.02, Suffolk County, Massachusetts",0.686556927297668,0.04458161865569273,1458,1001,65
246,1500000US250251605011,"Block Group 1, Census Tract 1605.01, Suffolk County, Massachusetts",0.3693159351522341,0.026888098062475288,2529,934,68
247,1500000US250251606022,"Block Group 2, Census Tract 1606.02, Suffolk County, Massachusetts",0.41843088418430885,0.0323785803237858,803,336,26
248,1500000US250250912002,"Block Group 2, Census Tract 912, Suffolk County, Massachusetts",0.5102586975914363,0.33987511150758254,1121,572,381
249,1500000US250251007001,"Block Group 1, Census Tract 1007, Suffolk County, Massachusetts",0.9550321199143469,0.02569593147751606,934,892,24
250,1500000US250250408011,"Block Group 1, Census Tract 408.01, Suffolk County, Massachusetts",0.2869481765834933,0.472168905950096,1042,299,492
251,1500000US250251702004,"Block Group 4, Census Tract 1702, Suffolk County, Massachusetts",0.9271523178807947,0.05132450331125828,1208,1120,62
252,1500000US250251011021,"Block Group 1, Census Tract 1011.02, Suffolk County, Massachusetts",0.0,0.9586877278250304,823,0,789
253,1500000US250250605014,"Block Group 4, Census Tract 605.01, Suffolk County, Massachusetts",0.9543650793650794,0.0,504,481,0
254,1500000US250251601011,"Block Group 1, Census Tract 1601.01, Suffolk County, Massachusetts",0.582722086389568,0.007334963325183374,2454,1430,18
255,1500000US250251003004,"Block Group 4, Census Tract 1003, Suffolk County, Massachusetts",0.10817941952506596,0.8918205804749341,758,82,676
256,1500000US250250919002,"Block Group 2, Census Tract 919, Suffolk County, Massachusetts",0.00933609958506224,0.9232365145228216,964,9,890
257,1500000US250251606011,"Block Group 1, Census Tract 1606.01, Suffolk County, Massachusetts",0.6055194805194806,0.045048701298701296,2464,1492,111
258,1500000US250250008022,"Block Group 2, Census Tract 8.02, Suffolk County, Massachusetts",0.600842865743528,0.062010836845273934,1661,998,103
259,1500000US250250305001,"Block Group 1, Census Tract 305, Suffolk County, Massachusetts",0.9502407704654896,0.04173354735152488,623,592,26
260,1500000US250250004013,"Block Group 3, Census Tract 4.01, Suffolk County, Massachusetts",0.8196891191709844,0.0,965,791,0
261,1500000US250251805002,"Block Group 2, Census Tract 1805, Suffolk County, Massachusetts",0.9867109634551495,0.013289036544850499,602,594,8
262,1500000US250250604002,"Block Group 2, Census Tract 604, Suffolk County, Massachusetts",1.0,0.0,1298,1298,0
263,1500000US250251703001,"Block Group 1, Census Tract 1703, Suffolk County, Massachusetts",0.7037037037037037,0.06419753086419754,1620,1140,104
264,1500000US250250403001,"Block Group 1, Census Tract 403, Suffolk County, Massachusetts",0.3033419023136247,0.36246786632390743,778,236,282
265,1500000US250250918001,"Block Group 1, Census Tract 918, Suffolk County, Massachusetts",0.05814843152257077,0.5745983167559297,1307,76,751
266,1500000US250250608002,"Block Group 2, Census Tract 608, Suffolk County, Massachusetts",0.8389610389610389,0.0017316017316017316,1155,969,2
267,1500000US250251104035,"Block Group 5, Census Tract 1104.03, Suffolk County, Massachusetts",0.5960264900662252,0.22185430463576158,906,540,201
268,1500000US250250512001,"Block Group 1, Census Tract 512, Suffolk County, Massachusetts",0.6804123711340206,0.0,194,132,0
269,1500000US250251010014,"Block Group 4, Census Tract 1010.01, Suffolk County, Massachusetts",0.03496503496503497,0.9415130324221234,1573,55,1481
270,1500000US250250202003,"Block Group 3, Census Tract 202, Suffolk County, Massachusetts",0.9166666666666666,0.0,1332,1221,0
271,1500000US250251011022,"Block Group 2, Census Tract 1011.02, Suffolk County, Massachusetts",0.0896551724137931,0.9103448275862069,1595,143,1452
272,1500000US250250403004,"Block Group 4, Census Tract 403, Suffolk County, Massachusetts",0.9452887537993921,0.0,658,622,0
273,1500000US250250202001,"Block Group 1, Census Tract 202, Suffolk County, Massachusetts",0.8027485852869847,0.07518189167340339,1237,993,93
274,1500000US250250102031,"Block Group 1, Census Tract 102.03, Suffolk County, Massachusetts",0.7996201329534662,0.015194681861348529,1053,842,16
275,1500000US250250701013,"Block Group 3, Census Tract 701.01, Suffolk County, Massachusetts",0.5069124423963134,0.03225806451612903,868,440,28
276,1500000US250250002023,"Block Group 3, Census Tract 2.02, Suffolk County, Massachusetts",0.7418677859391396,0.0,953,707,0
277,1500000US250250506001,"Block Group 1, Census Tract 506, Suffolk County, Massachusetts",0.7731685789938217,0.0264783759929391,1133,876,30
278,1500000US250251010021,"Block Group 1, Census Tract 1010.02, Suffolk County, Massachusetts",0.24362139917695474,0.7012345679012346,1215,296,852
279,1500000US250250512003,"Block Group 3, Census Tract 512, Suffolk County, Massachusetts",0.8708240534521158,0.0,898,782,0
280,1500000US250250006011,"Block Group 1, Census Tract 6.01, Suffolk County, Massachusetts",0.7930607187112764,0.03841387856257745,807,640,31
281,1500000US250250814002,"Block Group 2, Census Tract 814, Suffolk County, Massachusetts",0.540765391014975,0.34608985024958405,601,325,208
282,1500000US250250805001,"Block Group 1, Census Tract 805, Suffolk County, Massachusetts",0.22805429864253393,0.45610859728506786,1105,252,504
283,1500000US250250006022,"Block Group 2, Census Tract 6.02, Suffolk County, Massachusetts",0.779874213836478,0.0,1113,868,0
284,1500000US250250603013,"Block Group 3, Census Tract 603.01, Suffolk County, Massachusetts",0.9765729585006694,0.004685408299866131,1494,1459,7
285,1500000US250251303002,"Block Group 2, Census Tract 1303, Suffolk County, Massachusetts",0.8577154308617234,0.0781563126252505,998,856,78
286,1500000US250251106071,"Block Group 1, Census Tract 1106.07, Suffolk County, Massachusetts",0.8113207547169812,0.0,901,731,0
287,1500000US250251304021,"Block Group 1, Census Tract 1304.02, Suffolk County, Massachusetts",0.822742474916388,0.04598662207357859,1196,984,55
288,1500000US250250910014,"Block Group 4, Census Tract 910.01, Suffolk County, Massachusetts",0.7790123456790123,0.18024691358024691,810,631,146
289,1500000US250250702001,"Block Group 1, Census Tract 702, Suffolk County, Massachusetts",0.10761979575805185,0.004713275726630008,1273,137,6
290,1500000US250250921014,"Block Group 4, Census Tract 921.01, Suffolk County, Massachusetts",0.13245546088303642,0.11773818745158791,1291,171,152
291,1500000US250251005005,"Block Group 5, Census Tract 1005, Suffolk County, Massachusetts",0.19018087855297158,0.7162790697674418,1935,368,1386
292,1500000US250251002002,"Block Group 2, Census Tract 1002, Suffolk County, Massachusetts",0.1847649918962723,0.700162074554295,617,114,432
293,1500000US250250909012,"Block Group 2, Census Tract 909.01, Suffolk County, Massachusetts",0.42077922077922075,0.08415584415584415,1925,810,162
294,1500000US250251601013,"Block Group 3, Census Tract 1601.01, Suffolk County, Massachusetts",0.4427279577995479,0.1145440844009043,2654,1175,304
295,1500000US250251704001,"Block Group 1, Census Tract 1704, Suffolk County, Massachusetts",0.7303370786516854,0.1,890,650,89
296,1500000US250251008003,"Block Group 3, Census Tract 1008, Suffolk County, Massachusetts",0.5262689225289403,0.35529830810329477,1123,591,399
297,1500000US250250105003,"Block Group 3, Census Tract 105, Suffolk County, Massachusetts",0.6201754385964913,0.25526315789473686,1140,707,291
298,1500000US250251010016,"Block Group 6, Census Tract 1010.01, Suffolk County, Massachusetts",0.12159814707585408,0.8176027793862188,1727,210,1412
299,1500000US250251007003,"Block Group 3, Census Tract 1007, Suffolk County, Massachusetts",0.9978813559322034,0.001059322033898305,944,942,1
300,1500000US250251010015,"Block Group 5, Census Tract 1010.01, Suffolk County, Massachusetts",0.1203883495145631,0.8796116504854369,1030,124,906
301,1500000US250251204002,"Block Group 2, Census Tract 1204, Suffolk County, Massachusetts",0.6939078751857355,0.03714710252600297,673,467,25
302,1500000US250259818001,"Block Group 1, Census Tract 9818, Suffolk County, Massachusetts",0.6538461538461539,0.34615384615384615,26,17,9
303,1500000US250250817004,"Block Group 4, Census Tract 817, Suffolk County, Massachusetts",0.08122941822173436,0.562019758507135,911,74,512
304,1500000US250251605013,"Block Group 3, Census Tract 1605.01, Suffolk County, Massachusetts",0.31053604436229204,0.0,541,168,0
305,1500000US250250924002,"Block Group 2, Census Tract 924, Suffolk County, Massachusetts",0.1350253807106599,0.7614213197969543,985,133,750
306,1500000US250251603001,"Block Group 1, Census Tract 1603, Suffolk County, Massachusetts",0.7572087658592849,0.09284890426758939,1734,1313,161
307,1500000US250250910013,"Block Group 3, Census Tract 910.01, Suffolk County, Massachusetts",1.0,0.0,428,428,0
308,1500000US250251301005,"Block Group 5, Census Tract 1301, Suffolk County, Massachusetts",1.0,0.0,1075,1075,0
309,1500000US250250611011,"Block Group 1, Census Tract 611.01, Suffolk County, Massachusetts",0.4594594594594595,0.18018018018018017,666,306,120
310,1500000US250250819001,"Block Group 1, Census Tract 819, Suffolk County, Massachusetts",0.011049723756906077,0.7591160220994475,905,10,687
311,1500000US250250502003,"Block Group 3, Census Tract 502, Suffolk County, Massachusetts",0.39649122807017545,0.07631578947368421,1140,452,87
312,1500000US250251206002,"Block Group 2, Census Tract 1206, Suffolk County, Massachusetts",0.8077474892395983,0.06312769010043041,697,563,44
313,1500000US250251202011,"Block Group 1, Census Tract 1202.01, Suffolk County, Massachusetts",0.7043478260869566,0.16376811594202897,1380,972,226
314,1500000US250250408012,"Block Group 2, Census Tract 408.01, Suffolk County, Massachusetts",0.1767578125,0.0283203125,1024,181,29
315,1500000US250251011013,"Block Group 3, Census Tract 1011.01, Suffolk County, Massachusetts",0.02674173117522871,0.8979591836734694,1421,38,1276
316,1500000US250251601012,"Block Group 2, Census Tract 1601.01, Suffolk County, Massachusetts",0.5010683760683761,0.053952991452991456,1872,938,101
317,1500000US250250102042,"Block Group 2, Census Tract 102.04, Suffolk County, Massachusetts",0.6421636615811374,0.030513176144244106,1442,926,44
318,1500000US250250911004,"Block Group 4, Census Tract 911, Suffolk County, Massachusetts",0.42374854481955765,0.04074505238649592,859,364,35
319,1500000US250251705012,"Block Group 2, Census Tract 1705.01, Suffolk County, Massachusetts",0.684248039914469,0.0270848182466144,1403,960,38
320,1500000US250259812021,"Block Group 1, Census Tract 9812.02, Suffolk County, Massachusetts",0.8,0.12558139534883722,215,172,27
321,1500000US250251104011,"Block Group 1, Census Tract 1104.01, Suffolk County, Massachusetts",0.3926194797338173,0.3393829401088929,1653,649,561
322,1500000US250250105001,"Block Group 1, Census Tract 105, Suffolk County, Massachusetts",0.6026743075453678,0.05348615090735435,1047,631,56
323,1500000US250251402021,"Block Group 1, Census Tract 1402.02, Suffolk County, Massachusetts",0.42965459140690815,0.35383319292333615,1187,510,420
324,1500000US250250404011,"Block Group 1, Census Tract 404.01, Suffolk County, Massachusetts",0.8241965973534972,0.01275992438563327,2116,1744,27
325,1500000US250250002011,"Block Group 1, Census Tract 2.01, Suffolk County, Massachusetts",0.714987714987715,0.013104013104013105,1221,873,16
326,1500000US250250806013,"Block Group 3, Census Tract 806.01, Suffolk County, Massachusetts",0.21330275229357798,0.6261467889908257,436,93,273
327,1500000US250250608003,"Block Group 3, Census Tract 608, Suffolk County, Massachusetts",0.8371810449574727,0.0,823,689,0
328,1500000US250259813001,"Block Group 1, Census Tract 9813, Suffolk County, Massachusetts",,,0,0,0
329,1500000US250251605021,"Block Group 1, Census Tract 1605.02, Suffolk County, Massachusetts",0.5523334843679203,0.02174898051653829,2207,1219,48
330,1500000US250251703005,"Block Group 5, Census Tract 1703, Suffolk County, Massachusetts",0.9190421892816419,0.0,1754,1612,0
331,1500000US250250007032,"Block Group 2, Census Tract 7.03, Suffolk County, Massachusetts",0.671280276816609,0.025951557093425604,1156,776,30
332,1500000US250251402025,"Block Group 5, Census Tract 1402.02, Suffolk County, Massachusetts",0.8938775510204081,0.06258503401360545,735,657,46
333,1500000US250251706014,"Block Group 4, Census Tract 1706.01, Suffolk County, Massachusetts",0.7555066079295154,0.04331864904552129,1362,1029,59
334,1500000US250251804001,"Block Group 1, Census Tract 1804, Suffolk County, Massachusetts",0.8842297174111212,0.04557885141294439,1097,970,50
335,1500000US250250809003,"Block Group 3, Census Tract 809, Suffolk County, Massachusetts",0.8516902944383861,0.010905125408942203,917,781,10
336,1500000US250250103001,"Block Group 1, Census Tract 103, Suffolk County, Massachusetts",0.7871777924653007,0.05023132848645076,1513,1191,76
337,1500000US250251602003,"Block Group 3, Census Tract 1602, Suffolk County, Massachusetts",0.6082238720731011,0.010279840091376356,1751,1065,18
338,1500000US250250003014,"Block Group 4, Census Tract 3.01, Suffolk County, Massachusetts",0.6350461133069829,0.0,759,482,0
339,1500000US250250104042,"Block Group 2, Census Tract 104.04, Suffolk County, Massachusetts",0.6393063583815028,0.03121387283236994,1730,1106,54
340,1500000US250251104032,"Block Group 2, Census Tract 1104.03, Suffolk County, Massachusetts",0.5317982456140351,0.41118421052631576,912,485,375
341,1500000US250251404004,"Block Group 4, Census Tract 1404, Suffolk County, Massachusetts",0.0,0.7546125461254612,542,0,409
342,1500000US250251105012,"Block Group 2, Census Tract 1105.01, Suffolk County, Massachusetts",0.711768851303735,0.14658210007047218,1419,1010,208
343,1500000US250259812011,"Block Group 1, Census Tract 9812.01, Suffolk County, Massachusetts",,,0,0,0
344,1500000US250250101033,"Block Group 3, Census Tract 101.03, Suffolk County, Massachusetts",0.6675444371296906,0.03225806451612903,1519,1014,49
345,1500000US250250107021,"Block Group 1, Census Tract 107.02, Suffolk County, Massachusetts",0.9185282522996058,0.018396846254927726,761,699,14
346,1500000US250250601013,"Block Group 3, Census Tract 601.01, Suffolk County, Massachusetts",0.9666666666666667,0.006666666666666667,1050,1015,7
347,1500000US250251101032,"Block Group 2, Census Tract 1101.03, Suffolk County, Massachusetts",0.6088709677419355,0.364247311827957,744,453,271
348,1500000US250251201041,"Block Group 1, Census Tract 1201.04, Suffolk County, Massachusetts",0.9505582137161085,0.0,627,596,0
349,1500000US250250004022,"Block Group 2, Census Tract 4.02, Suffolk County, Massachusetts",0.7158746208291203,0.012133468149646108,989,708,12
350,1500000US250250005024,"Block Group 4, Census Tract 5.02, Suffolk County, Massachusetts",0.788946587537092,0.02559347181008902,2696,2127,69
351,1500000US250251401062,"Block Group 2, Census Tract 1401.06, Suffolk County, Massachusetts",0.3228915662650602,0.5795180722891566,830,268,481
352,1500000US250250101041,"Block Group 1, Census Tract 101.04, Suffolk County, Massachusetts",0.7904347826086957,0.030434782608695653,1150,909,35
353,1500000US250250006023,"Block Group 3, Census Tract 6.02, Suffolk County, Massachusetts",0.3188896411645227,0.14759647935003387,1477,471,218
354,1500000US250250909011,"Block Group 1, Census Tract 909.01, Suffolk County, Massachusetts",0.23766094420600858,0.13358369098712447,1864,443,249
355,1500000US250251803014,"Block Group 4, Census Tract 1803.01, Suffolk County, Massachusetts",0.9751381215469613,0.013812154696132596,724,706,10
356,1500000US250250104031,"Block Group 1, Census Tract 104.03, Suffolk County, Massachusetts",0.5135658914728682,0.21220930232558138,1032,530,219
357,1500000US250251106011,"Block Group 1, Census Tract 1106.01, Suffolk County, Massachusetts",0.8441698011821601,0.035464803868887694,1861,1571,66
358,1500000US250251602001,"Block Group 1, Census Tract 1602, Suffolk County, Massachusetts",0.3282336578581363,0.0076495132127955496,1438,472,11
359,1500000US250250611012,"Block Group 2, Census Tract 611.01, Suffolk County, Massachusetts",0.3108935128518972,0.3017135862913097,1634,508,493
360,1500000US250251009003,"Block Group 3, Census Tract 1009, Suffolk County, Massachusetts",0.2694262890341322,0.5308641975308642,1377,371,731
361,1500000US250250510001,"Block Group 1, Census Tract 510, Suffolk County, Massachusetts",0.7261120263591433,0.047775947281713346,2428,1763,116
362,1500000US250251204004,"Block Group 4, Census Tract 1204, Suffolk County, Massachusetts",0.8180204172214824,0.09631602308033733,2253,1843,217
363,1500000US250251008001,"Block Group 1, Census Tract 1008, Suffolk County, Massachusetts",0.3438395415472779,0.35959885386819485,698,240,251
364,1500000US250250914001,"Block Group 1, Census Tract 914, Suffolk County, Massachusetts",0.14377788795240456,0.46504709965294994,2017,290,938
365,1500000US250250401001,"Block Group 1, Census Tract 401, Suffolk County, Massachusetts",0.9759384023099134,0.0,1039,1014,0
366,1500000US250250601011,"Block Group 1, Census Tract 601.01, Suffolk County, Massachusetts",1.0,0.0,1095,1095,0
367,1500000US250250008025,"Block Group 5, Census Tract 8.02, Suffolk County, Massachusetts",0.5500839395635143,0.03749300503637381,1787,983,67
368,1500000US250250703003,"Block Group 3, Census Tract 703, Suffolk County, Massachusetts",0.7470427661510464,0.0,1099,821,0
369,1500000US250250604005,"Block Group 5, Census Tract 604, Suffolk County, Massachusetts",0.8785249457700651,0.026030368763557483,922,810,24
370,1500000US250251708002,"Block Group 2, Census Tract 1708, Suffolk County, Massachusetts",0.8640132669983416,0.0,1206,1042,0
371,1500000US250251602002,"Block Group 2, Census Tract 1602, Suffolk County, Massachusetts",0.3684210526315789,0.08378088077336197,931,343,78
372,1500000US250250501013,"Block Group 3, Census Tract 501.01, Suffolk County, Massachusetts",0.7099161322150962,0.011840157868771583,2027,1439,24
373,1500000US250251006013,"Block Group 3, Census Tract 1006.01, Suffolk County, Massachusetts",0.1498944405348346,0.7431386347642506,1421,213,1056
374,1500000US250251302002,"Block Group 2, Census Tract 1302, Suffolk County, Massachusetts",0.8745928338762216,0.021986970684039087,1228,1074,27
375,1500000US250251701007,"Block Group 7, Census Tract 1701, Suffolk County, Massachusetts",0.7449718423169751,0.039420756234915526,1243,926,49
376,1500000US250250304001,"Block Group 1, Census Tract 304, Suffolk County, Massachusetts",0.9431747992588018,0.0024706609017912293,1619,1527,4
377,1500000US250251708004,"Block Group 4, Census Tract 1708, Suffolk County, Massachusetts",0.8496143958868895,0.13110539845758354,778,661,102
378,1500000US250250006013,"Block Group 3, Census Tract 6.01, Suffolk County, Massachusetts",0.8241912798874824,0.04922644163150492,711,586,35
379,1500000US250250007044,"Block Group 4, Census Tract 7.04, Suffolk County, Massachusetts",0.20471014492753623,0.16576086956521738,1104,226,183
380,1500000US250250201012,"Block Group 2, Census Tract 201.01, Suffolk County, Massachusetts",0.9367588932806324,0.0,1012,948,0
381,1500000US250251708001,"Block Group 1, Census Tract 1708, Suffolk County, Massachusetts",0.852921195652174,0.0,2944,2511,0
382,1500000US250251705021,"Block Group 1, Census Tract 1705.02, Suffolk County, Massachusetts",0.9538968166849616,0.0,911,869,0
383,1500000US250250811003,"Block Group 3, Census Tract 811, Suffolk County, Massachusetts",0.6993464052287581,0.12791783380018673,1071,749,137
384,1500000US250250102041,"Block Group 1, Census Tract 102.04, Suffolk County, Massachusetts",0.7079579579579579,0.015765765765765764,1332,943,21
385,1500000US250250403005,"Block Group 5, Census Tract 403, Suffolk County, Massachusetts",0.9861751152073732,0.0,868,856,0
386,1500000US250250608001,"Block Group 1, Census Tract 608, Suffolk County, Massachusetts",0.9513422818791947,0.0,596,567,0
387,1500000US250250001001,"Block Group 1, Census Tract 1, Suffolk County, Massachusetts",0.40076335877862596,0.0491412213740458,2096,840,103
388,1500000US250250108013,"Block Group 3, Census Tract 108.01, Suffolk County, Massachusetts",0.9442755825734549,0.0,987,932,0
389,1500000US250250610002,"Block Group 2, Census Tract 610, Suffolk County, Massachusetts",0.27567140600315954,0.4802527646129542,1266,349,608
390,1500000US250250916002,"Block Group 2, Census Tract 916, Suffolk County, Massachusetts",0.1266540642722117,0.15500945179584122,1058,134,164
391,1500000US250251704004,"Block Group 4, Census Tract 1704, Suffolk County, Massachusetts",0.6798010711553175,0.2019892884468248,2614,1777,528
392,1500000US250250007012,"Block Group 2, Census Tract 7.01, Suffolk County, Massachusetts",0.5326460481099656,0.2027491408934708,582,310,118
393,1500000US250250502001,"Block Group 1, Census Tract 502, Suffolk County, Massachusetts",0.5151670951156813,0.010796915167095116,1945,1002,21
394,1500000US250250709001,"Block Group 1, Census Tract 709, Suffolk County, Massachusetts",0.6807228915662651,0.1982475355969332,1826,1243,362
395,1500000US250259801011,"Block Group 1, Census Tract 9801.01, Suffolk County, Massachusetts",0.34814814814814815,0.24938271604938272,405,141,101
396,1500000US250250001004,"Block Group 4, Census Tract 1, Suffolk County, Massachusetts",0.6328725038402457,0.11674347158218126,1302,824,152
397,1500000US250250820003,"Block Group 3, Census Tract 820, Suffolk County, Massachusetts",0.09984984984984985,0.484984984984985,1332,133,646
398,1500000US250251001002,"Block Group 2, Census Tract 1001, Suffolk County, Massachusetts",0.06610942249240122,0.9338905775075987,1316,87,1229
399,1500000US250251104012,"Block Group 2, Census Tract 1104.01, Suffolk County, Massachusetts",0.5793357933579336,0.3189246178176067,1897,1099,605
400,1500000US250251001001,"Block Group 1, Census Tract 1001, Suffolk County, Massachusetts",0.19555555555555557,0.48,450,88,216
401,1500000US250251403003,"Block Group 3, Census Tract 1403, Suffolk County, Massachusetts",0.2590515043345232,0.6925038245792963,1961,508,1358
402,1500000US250250203012,"Block Group 2, Census Tract 203.01, Suffolk County, Massachusetts",0.8056951423785594,0.015633724176437745,1791,1443,28
403,1500000US250251006032,"Block Group 2, Census Tract 1006.03, Suffolk County, Massachusetts",0.7894736842105263,0.1853546910755149,437,345,81
404,1500000US250250711013,"Block Group 3, Census Tract 711.01, Suffolk County, Massachusetts",0.3715139442231076,0.34462151394422313,1004,373,346
405,1500000US250251605014,"Block Group 4, Census Tract 1605.01, Suffolk County, Massachusetts",0.5862745098039216,0.08431372549019608,1020,598,86
406,1500000US250251002001,"Block Group 1, Census Tract 1002, Suffolk County, Massachusetts",0.23882896764252695,0.7334360554699538,1298,310,952
407,1500000US250250901002,"Block Group 2, Census Tract 901, Suffolk County, Massachusetts",0.07614213197969544,0.6865482233502538,788,60,541
408,1500000US250250302001,"Block Group 1, Census Tract 302, Suffolk County, Massachusetts",0.9465270121278941,0.012679162072767364,1814,1717,23
409,1500000US250251801011,"Block Group 1, Census Tract 1801.01, Suffolk County, Massachusetts",0.9616490891658677,0.038350910834132314,1043,1003,40
410,1500000US250251805003,"Block Group 3, Census Tract 1805, Suffolk County, Massachusetts",0.953757225433526,0.009633911368015413,1038,990,10
411,1500000US250251605015,"Block Group 5, Census Tract 1605.01, Suffolk County, Massachusetts",0.7121951219512195,0.0975609756097561,615,438,60
412,1500000US250251301007,"Block Group 7, Census Tract 1301, Suffolk County, Massachusetts",0.9617117117117117,0.0,888,854,0
413,1500000US250250005023,"Block Group 3, Census Tract 5.02, Suffolk County, Massachusetts",0.8423076923076923,0.02076923076923077,1300,1095,27
414,1500000US250250902002,"Block Group 2, Census Tract 902, Suffolk County, Massachusetts",0.07730061349693251,0.5116564417177915,815,63,417
415,1500000US250251304022,"Block Group 2, Census Tract 1304.02, Suffolk County, Massachusetts",0.7582159624413145,0.057511737089201875,852,646,49
416,1500000US250251304043,"Block Group 3, Census Tract 1304.04, Suffolk County, Massachusetts",0.6861538461538461,0.07384615384615385,325,223,24
417,1500000US250250002021,"Block Group 1, Census Tract 2.02, Suffolk County, Massachusetts",0.8902865129280224,0.0496156533892383,1431,1274,71
418,1500000US250250104043,"Block Group 3, Census Tract 104.04, Suffolk County, Massachusetts",0.6436781609195402,0.05108556832694764,1566,1008,80
419,1500000US250251103012,"Block Group 2, Census Tract 1103.01, Suffolk County, Massachusetts",0.6683748169838946,0.24231332357247437,1366,913,331
420,1500000US250250104041,"Block Group 1, Census Tract 104.04, Suffolk County, Massachusetts",0.5770627919045148,0.07109496626881162,1927,1112,137
421,1500000US250250923004,"Block Group 4, Census Tract 923, Suffolk County, Massachusetts",0.0,0.7530647985989493,571,0,430
422,1500000US250250005042,"Block Group 2, Census Tract 5.04, Suffolk County, Massachusetts",0.874051593323217,0.0,1318,1152,0
423,1500000US250250203031,"Block Group 1, Census Tract 203.03, Suffolk County, Massachusetts",0.7270194986072424,0.0,1077,783,0
424,1500000US250251302001,"Block Group 1, Census Tract 1302, Suffolk County, Massachusetts",0.837696335078534,0.05759162303664921,764,640,44
425,1500000US250251701006,"Block Group 6, Census Tract 1701, Suffolk County, Massachusetts",0.8208955223880597,0.05845771144278607,804,660,47
426,1500000US250250001003,"Block Group 3, Census Tract 1, Suffolk County, Massachusetts",0.8715596330275229,0.03363914373088685,654,570,22
427,1500000US250250408013,"Block Group 3, Census Tract 408.01, Suffolk County, Massachusetts",0.9364736387208298,0.010371650821089023,2314,2167,24
428,1500000US250250612001,"Block Group 1, Census Tract 612, Suffolk County, Massachusetts",0.8975557153127247,0.02695902228612509,2782,2497,75
429,1500000US250251103011,"Block Group 1, Census Tract 1103.01, Suffolk County, Massachusetts",0.3766617429837518,0.3870014771048744,1354,510,524
430,1500000US250251401072,"Block Group 2, Census Tract 1401.07, Suffolk County, Massachusetts",0.4844919786096257,0.3582887700534759,935,453,335
431,1500000US250250603011,"Block Group 1, Census Tract 603.01, Suffolk County, Massachusetts",0.9162790697674419,0.0069767441860465115,1290,1182,9
432,1500000US250250305002,"Block Group 2, Census Tract 305, Suffolk County, Massachusetts",0.9005847953216374,0.001949317738791423,1026,924,2
433,1500000US250251606024,"Block Group 4, Census Tract 1606.02, Suffolk County, Massachusetts",0.3993453355155483,0.041734860883797055,1222,488,51
434,1500000US250251004002,"Block Group 2, Census Tract 1004, Suffolk County, Massachusetts",0.31007751937984496,0.6837209302325581,1290,400,882
435,1500000US250250203021,"Block Group 1, Census Tract 203.02, Suffolk County, Massachusetts",0.8806122448979592,0.0,980,863,0
436,1500000US250250005021,"Block Group 1, Census Tract 5.02, Suffolk County, Massachusetts",0.8610586011342155,0.0,1058,911,0
437,1500000US250250809001,"Block Group 1, Census Tract 809, Suffolk County, Massachusetts",0.48695652173913045,0.02608695652173913,1265,616,33
438,1500000US250251707011,"Block Group 1, Census Tract 1707.01, Suffolk County, Massachusetts",0.803840877914952,0.06584362139917696,729,586,48
439,1500000US250251801012,"Block Group 2, Census Tract 1801.01, Suffolk County, Massachusetts",0.9383229383229383,0.0,1443,1354,0
440,1500000US250250911003,"Block Group 3, Census Tract 911, Suffolk County, Massachusetts",0.5849731663685152,0.08944543828264759,559,327,50
441,1500000US250250301001,"Block Group 1, Census Tract 301, Suffolk County, Massachusetts",0.9347507331378299,0.0,1364,1275,0
442,1500000US250250705002,"Block Group 2, Census Tract 705, Suffolk County, Massachusetts",0.08159722222222222,0.0954861111111111,576,47,55
443,1500000US250251010013,"Block Group 3, Census Tract 1010.01, Suffolk County, Massachusetts",0.0,0.9523809523809523,777,0,740
444,1500000US250251206003,"Block Group 3, Census Tract 1206, Suffolk County, Massachusetts",0.828641370869033,0.05752753977968176,817,677,47
445,1500000US250251009005,"Block Group 5, Census Tract 1009, Suffolk County, Massachusetts",0.3481608212147134,0.4491017964071856,1169,407,525
446,1500000US250250305003,"Block Group 3, Census Tract 305, Suffolk County, Massachusetts",0.8462455303933254,0.0,839,710,0
447,1500000US250250303004,"Block Group 4, Census Tract 303, Suffolk County, Massachusetts",0.7235915492957746,0.0,568,411,0
448,1500000US250250921011,"Block Group 1, Census Tract 921.01, Suffolk County, Massachusetts",0.4663677130044843,0.3845291479820628,892,416,343
449,1500000US250250901003,"Block Group 3, Census Tract 901, Suffolk County, Massachusetts",0.09795918367346938,0.638095238095238,735,72,469
450,1500000US250250201013,"Block Group 3, Census Tract 201.01, Suffolk County, Massachusetts",0.9610481586402266,0.0,1412,1357,0
451,1500000US250251403002,"Block Group 2, Census Tract 1403, Suffolk County, Massachusetts",0.33971997052321296,0.2056005895357406,1357,461,279
452,1500000US250250815002,"Block Group 2, Census Tract 815, Suffolk County, Massachusetts",0.10721376571806751,0.5585704831237591,1511,162,844
453,1500000US250251003002,"Block Group 2, Census Tract 1003, Suffolk County, Massachusetts",0.038011695906432746,0.9044834307992202,1026,39,928
454,1500000US250250806011,"Block Group 1, Census Tract 806.01, Suffolk County, Massachusetts",0.5572105619498985,0.12525389302640488,2954,1646,370
455,1500000US250259810001,"Block Group 1, Census Tract 9810, Suffolk County, Massachusetts",,,0,0,0
456,1500000US250250907001,"Block Group 1, Census Tract 907, Suffolk County, Massachusetts",0.717948717948718,0.13214990138067062,1014,728,134
457,1500000US250251006031,"Block Group 1, Census Tract 1006.03, Suffolk County, Massachusetts",0.8059895833333334,0.11002604166666667,1536,1238,169
458,1500000US250250001002,"Block Group 2, Census Tract 1, Suffolk County, Massachusetts",0.7979559748427673,0.018081761006289308,1272,1015,23
459,1500000US250250924004,"Block Group 4, Census Tract 924, Suffolk County, Massachusetts",0.0936431989063568,0.6336295283663704,1463,137,927
460,1500000US250250917002,"Block Group 2, Census Tract 917, Suffolk County, Massachusetts",0.06013745704467354,0.6108247422680413,1164,70,711
461,1500000US250250911005,"Block Group 5, Census Tract 911, Suffolk County, Massachusetts",0.6186830015313936,0.0888208269525268,653,404,58
462,1500000US250251401071,"Block Group 1, Census Tract 1401.07, Suffolk County, Massachusetts",0.5134689389774602,0.2919186366135239,1819,934,531
463,1500000US250251606023,"Block Group 3, Census Tract 1606.02, Suffolk County, Massachusetts",0.7681159420289855,0.13965744400527008,759,583,106
464,1500000US250259811003,"Block Group 3, Census Tract 9811, Suffolk County, Massachusetts",1.0,0.0,5,5,0
465,1500000US250250818003,"Block Group 3, Census Tract 818, Suffolk County, Massachusetts",0.006109979633401222,0.6496945010183299,982,6,638
466,1500000US250251207002,"Block Group 2, Census Tract 1207, Suffolk County, Massachusetts",0.7392592592592593,0.056296296296296296,1350,998,76
467,1500000US250251010011,"Block Group 1, Census Tract 1010.01, Suffolk County, Massachusetts",0.034552845528455285,0.790650406504065,492,17,389
468,1500000US250259817001,"Block Group 1, Census Tract 9817, Suffolk County, Massachusetts",,,0,0,0
469,1500000US250251106012,"Block Group 2, Census Tract 1106.01, Suffolk County, Massachusetts",0.8458070333633905,0.028854824165915238,1109,938,32
470,1500000US250250002013,"Block Group 3, Census Tract 2.01, Suffolk County, Massachusetts",0.8875192604006163,0.040832049306625574,1298,1152,53
471,1500000US250250104081,"Block Group 1, Census Tract 104.08, Suffolk County, Massachusetts",0.6623563218390804,0.08045977011494253,1392,922,112
472,1500000US250250004012,"Block Group 2, Census Tract 4.01, Suffolk County, Massachusetts",0.8618042226487524,0.0,1042,898,0
473,1500000US250251706011,"Block Group 1, Census Tract 1706.01, Suffolk County, Massachusetts",0.8647463994990607,0.045710707576706325,1597,1381,73
474,1500000US250251707025,"Block Group 5, Census Tract 1707.02, Suffolk County, Massachusetts",0.7660013764624914,0.06813489332415691,1453,1113,99
475,1500000US250251706013,"Block Group 3, Census Tract 1706.01, Suffolk County, Massachusetts",0.8160828025477707,0.06289808917197452,1256,1025,79
476,1500000US250250922004,"Block Group 4, Census Tract 922, Suffolk County, Massachusetts",0.2727272727272727,0.5064935064935064,462,126,234
477,1500000US250251301003,"Block Group 3, Census Tract 1301, Suffolk County, Massachusetts",0.8501783590963139,0.14982164090368608,841,715,126
478,1500000US250259815021,"Block Group 1, Census Tract 9815.02, Suffolk County, Massachusetts",,,0,0,0
479,1500000US250251204005,"Block Group 5, Census Tract 1204, Suffolk County, Massachusetts",0.8054830287206266,0.0933420365535248,1532,1234,143
480,1500000US250250811002,"Block Group 2, Census Tract 811, Suffolk County, Massachusetts",0.44208809135399674,0.23436650353452965,1839,813,431
481,1500000US250250902003,"Block Group 3, Census Tract 902, Suffolk County, Massachusetts",0.12522522522522522,0.6171171171171171,1110,139,685
482,1500000US250250612002,"Block Group 2, Census Tract 612, Suffolk County, Massachusetts",0.8647619047619047,0.02666666666666667,525,454,14
483,1500000US250250924003,"Block Group 3, Census Tract 924, Suffolk County, Massachusetts",0.04783808647654094,0.8969641214351426,2174,104,1950
484,1500000US250251006012,"Block Group 2, Census Tract 1006.01, Suffolk County, Massachusetts",0.279090113735783,0.34908136482939633,1143,319,399
485,1500000US250250303003,"Block Group 3, Census Tract 303, Suffolk County, Massachusetts",0.7574355584930601,0.13218770654329148,1513,1146,200
486,1500000US250250904001,"Block Group 1, Census Tract 904, Suffolk County, Massachusetts",0.24258760107816713,0.6657681940700808,371,90,247
487,1500000US250250701017,"Block Group 7, Census Tract 701.01, Suffolk County, Massachusetts",0.34846029173419774,0.008103727714748784,1234,430,10
488,1500000US250250512002,"Block Group 2, Census Tract 512, Suffolk County, Massachusetts",0.7070594774874931,0.0005558643690939411,1799,1272,1
489,1500000US250250501012,"Block Group 2, Census Tract 501.01, Suffolk County, Massachusetts",0.4153846153846154,0.09157509157509157,1365,567,125
490,1500000US250250810012,"Block Group 2, Census Tract 810.01, Suffolk County, Massachusetts",0.2548,0.3012,2500,637,753
491,1500000US250251008004,"Block Group 4, Census Tract 1008, Suffolk County, Massachusetts",0.5513285024154589,0.33997584541062803,1656,913,563
492,1500000US250250604003,"Block Group 3, Census Tract 604, Suffolk County, Massachusetts",0.9457943925233645,0.041121495327102804,1070,1012,44
493,1500000US250251205001,"Block Group 1, Census Tract 1205, Suffolk County, Massachusetts",0.49806576402321084,0.20212765957446807,1034,515,209
494,1500000US250250303002,"Block Group 2, Census Tract 303, Suffolk County, Massachusetts",0.7839937839937839,0.11033411033411034,1287,1009,142
495,1500000US250251207001,"Block Group 1, Census Tract 1207, Suffolk County, Massachusetts",0.5386965376782077,0.11303462321792261,982,529,111
496,1500000US250251007002,"Block Group 2, Census Tract 1007, Suffolk County, Massachusetts",0.8988673139158576,0.04692556634304207,1236,1111,58
497,1500000US250251001005,"Block Group 5, Census Tract 1001, Suffolk County, Massachusetts",0.020560747663551402,0.7439252336448599,535,11,398
498,1500000US250251704002,"Block Group 2, Census Tract 1704, Suffolk County, Massachusetts",0.524759793052476,0.0679970436067997,1353,710,92
499,1500000US250250924005,"Block Group 5, Census Tract 924, Suffolk County, Massachusetts",0.0,0.7692307692307693,988,0,760
500,1500000US250251701004,"Block Group 4, Census Tract 1701, Suffolk County, Massachusetts",0.8071979434447301,0.11696658097686376,778,628,91
501,1500000US250250203011,"Block Group 1, Census Tract 203.01, Suffolk County, Massachusetts",0.7046070460704607,0.03523035230352303,369,260,13
502,1500000US250251703003,"Block Group 3, Census Tract 1703, Suffolk County, Massachusetts",0.8832752613240418,0.0975609756097561,574,507,56
503,1500000US250251805004,"Block Group 4, Census Tract 1805, Suffolk County, Massachusetts",0.9391462306993642,0.019981834695731154,1101,1034,22
504,1500000US250251403006,"Block Group 6, Census Tract 1403, Suffolk County, Massachusetts",0.1715686274509804,0.6519607843137255,816,140,532
505,1500000US250250907003,"Block Group 3, Census Tract 907, Suffolk County, Massachusetts",0.6295358649789029,0.12658227848101267,1185,746,150
506,1500000US250250505001,"Block Group 1, Census Tract 505, Suffolk County, Massachusetts",0.6588685665674181,0.03487877498936623,2351,1549,82
507,1500000US250250108011,"Block Group 1, Census Tract 108.01, Suffolk County, Massachusetts",0.6995133819951338,0.08880778588807786,822,575,73
508,1500000US250250507003,"Block Group 3, Census Tract 507, Suffolk County, Massachusetts",0.5203028217481074,0.0,1453,756,0
509,1500000US250250917001,"Block Group 1, Census Tract 917, Suffolk County, Massachusetts",0.14809384164222875,0.5161290322580645,1364,202,704
510,1500000US250251403001,"Block Group 1, Census Tract 1403, Suffolk County, Massachusetts",0.22622622622622623,0.5745745745745746,999,226,574
511,1500000US250251206001,"Block Group 1, Census Tract 1206, Suffolk County, Massachusetts",0.579849946409432,0.10396570203644159,933,541,97
512,1500000US250251203011,"Block Group 1, Census Tract 1203.01, Suffolk County, Massachusetts",0.3629764065335753,0.3200241984271022,1653,600,529
513,1500000US250250811001,"Block Group 1, Census Tract 811, Suffolk County, Massachusetts",0.5636672325976231,0.20458404074702885,1178,664,241
514,1500000US250251401051,"Block Group 1, Census Tract 1401.05, Suffolk County, Massachusetts",0.632179675994109,0.24779086892488955,2716,1717,673
515,1500000US250250809002,"Block Group 2, Census Tract 809, Suffolk County, Massachusetts",0.8381962864721485,0.05172413793103448,1508,1264,78
516,1500000US250251303001,"Block Group 1, Census Tract 1303, Suffolk County, Massachusetts",0.9462915601023018,0.04603580562659847,782,740,36
517,1500000US250250106002,"Block Group 2, Census Tract 106, Suffolk County, Massachusetts",0.8054794520547945,0.15342465753424658,1095,882,168
518,1500000US250251201043,"Block Group 3, Census Tract 1201.04, Suffolk County, Massachusetts",0.8743109151047409,0.050716648291069456,907,793,46
519,1500000US250250815001,"Block Group 1, Census Tract 815, Suffolk County, Massachusetts",0.2081447963800905,0.5556561085972851,1105,230,614
520,1500000US250250701015,"Block Group 5, Census Tract 701.01, Suffolk County, Massachusetts",0.5694444444444444,0.0,216,123,0
521,1500000US250251009001,"Block Group 1, Census Tract 1009, Suffolk County, Massachusetts",0.34526558891454967,0.3568129330254042,866,299,309
522,1500000US250251404007,"Block Group 7, Census Tract 1404, Suffolk County, Massachusetts",0.35461689587426326,0.20235756385068762,1018,361,206
523,1500000US250250605013,"Block Group 3, Census Tract 605.01, Suffolk County, Massachusetts",0.9326500732064422,0.016105417276720352,683,637,11
524,1500000US250250813003,"Block Group 3, Census Tract 813, Suffolk County, Massachusetts",0.11471698113207547,0.36,1325,152,477
525,1500000US250251101033,"Block Group 3, Census Tract 1101.03, Suffolk County, Massachusetts",0.65,0.35,360,234,126
526,1500000US250250916001,"Block Group 1, Census Tract 916, Suffolk County, Massachusetts",0.25968523002421307,0.5520581113801453,1652,429,912
527,1500000US250250814001,"Block Group 1, Census Tract 814, Suffolk County, Massachusetts",0.27623762376237626,0.5118811881188119,1010,279,517
528,1500000US250250921015,"Block Group 5, Census Tract 921.01, Suffolk County, Massachusetts",0.2488135593220339,0.2935593220338983,2950,734,866
529,1500000US250251703004,"Block Group 4, Census Tract 1703, Suffolk County, Massachusetts",0.8336134453781513,0.00784313725490196,1785,1488,14
530,1500000US250251301004,"Block Group 4, Census Tract 1301, Suffolk County, Massachusetts",0.966142684401451,0.0,827,799,0
531,1500000US250251404001,"Block Group 1, Census Tract 1404, Suffolk County, Massachusetts",0.17073170731707318,0.7038327526132404,574,98,404
532,1500000US250250601012,"Block Group 2, Census Tract 601.01, Suffolk County, Massachusetts",1.0,0.0,584,584,0
533,1500000US250250004023,"Block Group 3, Census Tract 4.02, Suffolk County, Massachusetts",0.8307332293291732,0.014820592823712949,1282,1065,19
534,1500000US250251104033,"Block Group 3, Census Tract 1104.03, Suffolk County, Massachusetts",0.5769980506822612,0.2202729044834308,513,296,113
535,1500000US250251803011,"Block Group 1, Census Tract 1803.01, Suffolk County, Massachusetts",0.9947183098591549,0.00528169014084507,568,565,3
536,1500000US250250101031,"Block Group 1, Census Tract 101.03, Suffolk County, Massachusetts",0.6273538156590683,0.04558969276511397,1009,633,46
537,1500000US250250701011,"Block Group 1, Census Tract 701.01, Suffolk County, Massachusetts",0.6098579782790309,0.015873015873015872,1197,730,19
538,1500000US250250006014,"Block Group 4, Census Tract 6.01, Suffolk County, Massachusetts",0.6758064516129032,0.031451612903225803,1240,838,39
539,1500000US250250502002,"Block Group 2, Census Tract 502, Suffolk County, Massachusetts",0.48624595469255666,0.052588996763754045,1236,601,65
540,1500000US250251301001,"Block Group 1, Census Tract 1301, Suffolk County, Massachusetts",0.7807203389830508,0.0,944,737,0
541,1500000US250250104033,"Block Group 3, Census Tract 104.03, Suffolk County, Massachusetts",0.7427961579509071,0.032017075773746,937,696,30
542,1500000US250250303001,"Block Group 1, Census Tract 303, Suffolk County, Massachusetts",0.8413351623228167,0.009602194787379973,2187,1840,21
543,1500000US250250813002,"Block Group 2, Census Tract 813, Suffolk County, Massachusetts",0.1624219125420471,0.6727534839019702,2081,338,1400
544,1500000US250251601015,"Block Group 5, Census Tract 1601.01, Suffolk County, Massachusetts",0.23294509151414308,0.0,601,140,0
545,1500000US250250007011,"Block Group 1, Census Tract 7.01, Suffolk County, Massachusetts",0.7128589263420724,0.024968789013732832,801,571,20
546,1500000US250250106001,"Block Group 1, Census Tract 106, Suffolk County, Massachusetts",0.6619512195121952,0.08634146341463414,2050,1357,177
547,1500000US250250008021,"Block Group 1, Census Tract 8.02, Suffolk County, Massachusetts",0.7071713147410359,0.0,1004,710,0
548,1500000US250251304024,"Block Group 4, Census Tract 1304.02, Suffolk County, Massachusetts",0.9489216799091941,0.0,881,836,0
549,1500000US250250003013,"Block Group 3, Census Tract 3.01, Suffolk County, Massachusetts",0.7882513661202186,0.1133879781420765,732,577,83
550,1500000US250250005043,"Block Group 3, Census Tract 5.04, Suffolk County, Massachusetts",0.8267929634641408,0.02029769959404601,1478,1222,30
551,1500000US250250008031,"Block Group 1, Census Tract 8.03, Suffolk County, Massachusetts",0.6459854014598541,0.049878345498783457,2466,1593,123
552,1500000US250250008032,"Block Group 2, Census Tract 8.03, Suffolk County, Massachusetts",0.6557512383048982,0.09356081452944413,3634,2383,340
553,1500000US250250511014,"Block Group 4, Census Tract 511.01, Suffolk County, Massachusetts",0.7611262488646685,0.04087193460490463,1101,838,45
554,1500000US250250814003,"Block Group 3, Census Tract 814, Suffolk County, Massachusetts",0.4639097744360902,0.3676691729323308,1330,617,489
555,1500000US250250920004,"Block Group 4, Census Tract 920, Suffolk County, Massachusetts",0.10680379746835443,0.8852848101265823,1264,135,1119
556,1500000US250250910012,"Block Group 2, Census Tract 910.01, Suffolk County, Massachusetts",0.7159383033419023,0.13881748071979436,778,557,108
557,1500000US250250610001,"Block Group 1, Census Tract 610, Suffolk County, Massachusetts",0.9035792549306063,0.09642074506939372,1369,1237,132
558,1500000US250250901001,"Block Group 1, Census Tract 901, Suffolk County, Massachusetts",0.0612635609444799,0.6400765794511806,1567,96,1003
559,1500000US250251402011,"Block Group 1, Census Tract 1402.01, Suffolk County, Massachusetts",0.3753475440222428,0.39666357738646896,1079,405,428
560,1500000US250251404003,"Block Group 3, Census Tract 1404, Suffolk County, Massachusetts",0.08892763731473409,0.7863993025283348,1147,102,902
561,1500000US250250007014,"Block Group 4, Census Tract 7.01, Suffolk County, Massachusetts",0.8124174372523117,0.0,757,615,0
562,1500000US250250007015,"Block Group 5, Census Tract 7.01, Suffolk County, Massachusetts",0.7674532940019666,0.0,2034,1561,0
563,1500000US250250604004,"Block Group 4, Census Tract 604, Suffolk County, Massachusetts",0.8873379860418744,0.024925224327018942,1003,890,25
564,1500000US250250924001,"Block Group 1, Census Tract 924, Suffolk County, Massachusetts",0.1501597444089457,0.8498402555910544,939,141,798
565,1500000US250250913001,"Block Group 1, Census Tract 913, Suffolk County, Massachusetts",0.25464834276475345,0.5165723524656427,1237,315,639
566,1500000US250251304063,"Block Group 3, Census Tract 1304.06, Suffolk County, Massachusetts",0.6793103448275862,0.09482758620689655,580,394,55
567,1500000US250251104031,"Block Group 1, Census Tract 1104.03, Suffolk County, Massachusetts",0.5687160940325497,0.3047016274864376,1106,629,337
568,1500000US250250201011,"Block Group 1, Census Tract 201.01, Suffolk County, Massachusetts",0.8621190130624092,0.03193033381712627,689,594,22
569,1500000US250250921013,"Block Group 3, Census Tract 921.01, Suffolk County, Massachusetts",0.5523535062439962,0.3957732949087416,1041,575,412
570,1500000US250250804011,"Block Group 1, Census Tract 804.01, Suffolk County, Massachusetts",0.18482490272373542,0.5479896238651103,1542,285,845
571,1500000US250250502004,"Block Group 4, Census Tract 502, Suffolk County, Massachusetts",0.5312965722801788,0.011177347242921014,1342,713,15
572,1500000US250250703001,"Block Group 1, Census Tract 703, Suffolk County, Massachusetts",0.7363552266419982,0.013876040703052728,1081,796,15
573,1500000US250250705004,"Block Group 4, Census Tract 705, Suffolk County, Massachusetts",0.421209858103062,0.15011202389843167,1339,564,201
574,1500000US250251304023,"Block Group 3, Census Tract 1304.02, Suffolk County, Massachusetts",0.9447983014861996,0.055201698513800426,942,890,52
575,1500000US250250918002,"Block Group 2, Census Tract 918, Suffolk County, Massachusetts",0.0,0.8389105058365759,1285,0,1078
576,1500000US250251804002,"Block Group 2, Census Tract 1804, Suffolk County, Massachusetts",0.88124410933082,0.0,1061,935,0
577,1500000US250250107012,"Block Group 2, Census Tract 107.01, Suffolk County, Massachusetts",0.869220607661823,0.059445178335535004,757,658,45
578,1500000US250251201031,"Block Group 1, Census Tract 1201.03, Suffolk County, Massachusetts",0.8472139005392451,0.046734571599760334,1669,1414,78
579,1500000US250250504001,"Block Group 1, Census Tract 504, Suffolk County, Massachusetts",0.8185483870967742,0.014112903225806451,496,406,7
580,1500000US250251007004,"Block Group 4, Census Tract 1007, Suffolk County, Massachusetts",0.8756756756756757,0.0,740,648,0
581,1500000US250250708002,"Block Group 2, Census Tract 708, Suffolk County, Massachusetts",0.7817109144542773,0.15142576204523106,1017,795,154
582,1500000US250250602002,"Block Group 2, Census Tract 602, Suffolk County, Massachusetts",0.9828448892065761,0.006433166547533953,1399,1375,9
583,1500000US250251008006,"Block Group 6, Census Tract 1008, Suffolk County, Massachusetts",0.5318039624608968,0.27632950990615224,959,510,265
584,1500000US250251101031,"Block Group 1, Census Tract 1101.03, Suffolk County, Massachusetts",0.7744533947065593,0.14384349827387802,869,673,125
585,1500000US250251302004,"Block Group 4, Census Tract 1302, Suffolk County, Massachusetts",0.863517060367454,0.0984251968503937,762,658,75
586,1500000US250250705003,"Block Group 3, Census Tract 705, Suffolk County, Massachusetts",0.5706887622993267,0.04505437597099948,1931,1102,87
587,1500000US250250403002,"Block Group 2, Census Tract 403, Suffolk County, Massachusetts",0.9584367245657568,0.0,1612,1545,0
588,1500000US250251802004,"Block Group 4, Census Tract 1802, Suffolk County, Massachusetts",0.8626292466765141,0.11521418020679468,1354,1168,156
589,1500000US250251805001,"Block Group 1, Census Tract 1805, Suffolk County, Massachusetts",0.9957780458383595,0.0,1658,1651,0
590,1500000US250250711011,"Block Group 1, Census Tract 711.01, Suffolk County, Massachusetts",0.5739614994934144,0.047619047619047616,1974,1133,94
591,1500000US250250808011,"Block Group 1, Census Tract 808.01, Suffolk County, Massachusetts",0.5687869822485208,0.14460059171597633,2704,1538,391
592,1500000US250250819003,"Block Group 3, Census Tract 819, Suffolk County, Massachusetts",0.11068702290076336,0.5712468193384224,786,87,449
593,1500000US250250812001,"Block Group 1, Census Tract 812, Suffolk County, Massachusetts",0.1904336164506035,0.4640143048725972,2237,426,1038
594,1500000US250251106074,"Block Group 4, Census Tract 1106.07, Suffolk County, Massachusetts",0.9282982791586998,0.06692160611854685,1046,971,70
595,1500000US250259803001,"Block Group 1, Census Tract 9803, Suffolk County, Massachusetts",0.5815789473684211,0.2394736842105263,380,221,91
596,1500000US250250104051,"Block Group 1, Census Tract 104.05, Suffolk County, Massachusetts",0.7120965112487773,0.08705575480925987,3067,2184,267
597,1500000US250250007031,"Block Group 1, Census Tract 7.03, Suffolk County, Massachusetts",0.40644361833952913,0.08798017348203221,807,328,71
598,1500000US250250919003,"Block Group 3, Census Tract 919, Suffolk County, Massachusetts",0.06831489915419649,0.6746909564085881,1537,105,1037
599,1500000US250250005022,"Block Group 2, Census Tract 5.02, Suffolk County, Massachusetts",0.8436657681940701,0.04716981132075472,742,626,35
600,1500000US250251702002,"Block Group 2, Census Tract 1702, Suffolk County, Massachusetts",0.8386092371562014,0.0700570835495589,1927,1616,135
601,1500000US250259901010,"Block Group 0, Census Tract 9901.01, Suffolk County, Massachusetts",0.7313432835820896,0.26865671641791045,67,49,18
602,1500000US250250818002,"Block Group 2, Census Tract 818, Suffolk County, Massachusetts",0.05859375,0.69921875,1536,90,1074
603,1500000US250250101042,"Block Group 2, Census Tract 101.04, Suffolk County, Massachusetts",0.6951032899770466,0.03289977046671767,2614,1817,86
604,1500000US250250107011,"Block Group 1, Census Tract 107.01, Suffolk County, Massachusetts",0.85,0.0061403508771929825,1140,969,7
605,1500000US250259811001,"Block Group 1, Census Tract 9811, Suffolk County, Massachusetts",,,0,0,0
606,1500000US250251401052,"Block Group 2, Census Tract 1401.05, Suffolk County, Massachusetts",0.348181143281366,0.33407572383073497,1347,469,450
607,1500000US250251002003,"Block Group 3, Census Tract 1002, Suffolk County, Massachusetts",0.04459016393442623,0.9291803278688524,1525,68,1417
608,1500000US250251402024,"Block Group 4, Census Tract 1402.02, Suffolk County, Massachusetts",0.59375,0.3247767857142857,1792,1064,582
609,1500000US250251101034,"Block Group 4, Census Tract 1101.03, Suffolk County, Massachusetts",0.42462311557788945,0.07412060301507538,796,338,59
610,1500000US250251201051,"Block Group 1, Census Tract 1201.05, Suffolk County, Massachusetts",0.7409638554216867,0.03098106712564544,1162,861,36
611,1500000US250250608004,"Block Group 4, Census Tract 608, Suffolk County, Massachusetts",0.8571428571428571,0.006310958118187034,1743,1494,11
612,1500000US250259811004,"Block Group 4, Census Tract 9811, Suffolk County, Massachusetts",0.35053763440860214,0.5010752688172043,465,163,233
613,1500000US250251005002,"Block Group 2, Census Tract 1005, Suffolk County, Massachusetts",0.4654761904761905,0.34285714285714286,840,391,288
614,1500000US250251302005,"Block Group 5, Census Tract 1302, Suffolk County, Massachusetts",0.951092611862643,0.0,961,914,0
615,1500000US250251203014,"Block Group 4, Census Tract 1203.01, Suffolk County, Massachusetts",0.655593220338983,0.1064406779661017,1475,967,157
616,1500000US250251402012,"Block Group 2, Census Tract 1402.01, Suffolk County, Massachusetts",0.5064469914040115,0.1826647564469914,1396,707,255
617,1500000US250251802003,"Block Group 3, Census Tract 1802, Suffolk County, Massachusetts",0.9440203562340967,0.0,786,742,0
618,1500000US250250921012,"Block Group 2, Census Tract 921.01, Suffolk County, Massachusetts",0.24601593625498008,0.05677290836653386,1004,247,57
619,1500000US250251401023,"Block Group 3, Census Tract 1401.02, Suffolk County, Massachusetts",0.6627408993576017,0.23768736616702354,934,619,222
620,1500000US250251102011,"Block Group 1, Census Tract 1102.01, Suffolk County, Massachusetts",0.2935126582278481,0.4675632911392405,2528,742,1182
621,1500000US250250708003,"Block Group 3, Census Tract 708, Suffolk County, Massachusetts",0.8483516483516483,0.07252747252747253,910,772,66
622,1500000US250251204003,"Block Group 3, Census Tract 1204, Suffolk County, Massachusetts",0.8042010502625656,0.07051762940735183,1333,1072,94
623,1500000US250250902001,"Block Group 1, Census Tract 902, Suffolk County, Massachusetts",0.09365558912386707,0.5800604229607251,662,62,384
624,1500000US250251203012,"Block Group 2, Census Tract 1203.01, Suffolk County, Massachusetts",0.43893591293833134,0.2720677146311971,827,363,225
625,1500000US250250914002,"Block Group 2, Census Tract 914, Suffolk County, Massachusetts",0.13501742160278746,0.5531358885017421,1148,155,635
626,1500000US250251106073,"Block Group 3, Census Tract 1106.07, Suffolk County, Massachusetts",0.8582677165354331,0.032058492688413945,1778,1526,57
627,1500000US250251005004,"Block Group 4, Census Tract 1005, Suffolk County, Massachusetts",0.020833333333333332,0.9493055555555555,1440,30,1367
628,1500000US250251605022,"Block Group 2, Census Tract 1605.02, Suffolk County, Massachusetts",0.541643059490085,0.09178470254957508,1765,956,162
629,1500000US250250509013,"Block Group 3, Census Tract 509.01, Suffolk County, Massachusetts",0.5272579332790887,0.0,1229,648,0
630,1500000US250250701016,"Block Group 6, Census Tract 701.01, Suffolk County, Massachusetts",0.7397708674304418,0.0,611,452,0
631,1500000US250250604001,"Block Group 1, Census Tract 604, Suffolk County, Massachusetts",1.0,0.0,1358,1358,0
632,1500000US250251105023,"Block Group 3, Census Tract 1105.02, Suffolk County, Massachusetts",0.7874762808349146,0.04554079696394687,527,415,24
633,1500000US250250707001,"Block Group 1, Census Tract 707, Suffolk County, Massachusetts",0.589968152866242,0.2515923566878981,1256,741,316
634,1500000US250250810013,"Block Group 3, Census Tract 810.01, Suffolk County, Massachusetts",0.3988355167394469,0.2663755458515284,687,274,183
635,1500000US250250105002,"Block Group 2, Census Tract 105, Suffolk County, Massachusetts",0.749812734082397,0.00599250936329588,1335,1001,8
636,1500000US250250818001,"Block Group 1, Census Tract 818, Suffolk County, Massachusetts",0.0937178166838311,0.45005149330587024,971,91,437
637,1500000US250250915001,"Block Group 1, Census Tract 915, Suffolk County, Massachusetts",0.25250395361096467,0.34791776489193466,1897,479,660
638,1500000US250251105021,"Block Group 1, Census Tract 1105.02, Suffolk County, Massachusetts",0.5490096495683088,0.14271203656678516,1969,1081,281
639,1500000US250250801002,"Block Group 2, Census Tract 801, Suffolk County, Massachusetts",0.07385524372230429,0.5982274741506647,677,50,405
640,1500000US250250920001,"Block Group 1, Census Tract 920, Suffolk County, Massachusetts",0.1785276073619632,0.43558282208588955,1630,291,710
641,1500000US250250005031,"Block Group 1, Census Tract 5.03, Suffolk County, Massachusetts",0.6824224519940916,0.0,677,462,0
642,1500000US250250708001,"Block Group 1, Census Tract 708, Suffolk County, Massachusetts",0.5848484848484848,0.3054545454545455,1650,965,504
643,1500000US250250006021,"Block Group 1, Census Tract 6.02, Suffolk County, Massachusetts",0.5516728624535316,0.023048327137546468,1345,742,31
644,1500000US250251101037,"Block Group 7, Census Tract 1101.03, Suffolk County, Massachusetts",0.29440688383527963,0.645359557467732,1627,479,1050
645,1500000US250250203033,"Block Group 3, Census Tract 203.03, Suffolk County, Massachusetts",0.6500341763499659,0.0710868079289132,1463,951,104
